arm_num,unique_event_name,form
1,1_arm_1,demographics
1,1_arm_1,informed_consent
1,1_arm_1,inclusion_exclusion
1,1_arm_1,key_medical_history
1,1_arm_1,mh_coding
1,1_arm_1,substance_use
1,1_arm_1,prior_treatment_response
1,1_arm_1,il28b_hcv_genotypes
1,1_arm_1,fibrosis_staging
1,1_arm_1,cbc
1,1_arm_1,cbc_standard
1,1_arm_1,chemistry
1,1_arm_1,chemistry_standard
1,1_arm_1,inr
1,1_arm_1,hcv_rna_results
1,1_arm_1,hcv_rna_standard
1,1_arm_1,treatment_regimen
1,1_arm_1,interferon_administration
1,1_arm_1,ribavirin_administration
1,1_arm_1,boceprevir_administration
1,1_arm_1,telaprevir_administration
1,1_arm_1,simeprevir_administration
1,1_arm_1,sofosbuvir_administration
1,1_arm_1,daclatasvir_administration
1,1_arm_1,harvoni_administration
1,1_arm_1,ombitasvir_paritaprevir
1,1_arm_1,dasabuvir
1,1_arm_1,zepatier_administration
1,1_arm_1,ex_coding
1,1_arm_1,adverse_events
1,1_arm_1,ae_coding
1,1_arm_1,conmeds
1,1_arm_1,cm_coding
1,1_arm_1,immunosuppression_dosages
1,1_arm_1,ppi_dosages
1,1_arm_1,transfusions
1,1_arm_1,onpost_tx_liver_transplant
1,1_arm_1,early_discontinuation_eot
1,1_arm_1,pi_signature
1,1_arm_1,source_upload_form
1,1_arm_1,site_source_upload_form
1,1_arm_1,data_entry_completion
1,1_arm_1,resource
1,1_arm_1,protocol_deviations
1,1_arm_1,derived_values_baseline
1,1_arm_1,derived_values
1,1_arm_1,cirrhosis
1,1_arm_1,cbc_imported
1,1_arm_1,cbc_im_standard
1,1_arm_1,chemistry_imported
1,1_arm_1,chemistry_im_standard
1,1_arm_1,inr_imported
1,1_arm_1,hcv_rna_imported
1,1_arm_1,hcv_rna_im_standard
1,1_arm_1,conmeds_imported
1,1_arm_1,biological_specimens
1,1_arm_1,comments
1,1_arm_1,cryoglobulinemia_baseline
1,1_arm_1,cryoglobulinemia_followup
1,2_arm_1,inclusion_exclusion
1,2_arm_1,cbc
1,2_arm_1,cbc_standard
1,2_arm_1,chemistry
1,2_arm_1,chemistry_standard
1,2_arm_1,inr
1,2_arm_1,hcv_rna_results
1,2_arm_1,hcv_rna_standard
1,2_arm_1,interferon_administration
1,2_arm_1,ribavirin_administration
1,2_arm_1,boceprevir_administration
1,2_arm_1,telaprevir_administration
1,2_arm_1,simeprevir_administration
1,2_arm_1,sofosbuvir_administration
1,2_arm_1,daclatasvir_administration
1,2_arm_1,harvoni_administration
1,2_arm_1,ombitasvir_paritaprevir
1,2_arm_1,dasabuvir
1,2_arm_1,zepatier_administration
1,2_arm_1,ex_coding
1,2_arm_1,adverse_events
1,2_arm_1,ae_coding
1,2_arm_1,conmeds
1,2_arm_1,cm_coding
1,2_arm_1,immunosuppression_dosages
1,2_arm_1,ppi_dosages
1,2_arm_1,transfusions
1,2_arm_1,onpost_tx_liver_transplant
1,2_arm_1,source_upload_form
1,2_arm_1,site_source_upload_form
1,2_arm_1,protocol_deviations
1,2_arm_1,derived_values
1,2_arm_1,cbc_imported
1,2_arm_1,cbc_im_standard
1,2_arm_1,chemistry_imported
1,2_arm_1,chemistry_im_standard
1,2_arm_1,inr_imported
1,2_arm_1,hcv_rna_imported
1,2_arm_1,hcv_rna_im_standard
1,2_arm_1,conmeds_imported
1,2_arm_1,biological_specimens
1,2_arm_1,cryoglobulinemia_followup
1,3_arm_1,inclusion_exclusion
1,3_arm_1,cbc
1,3_arm_1,cbc_standard
1,3_arm_1,chemistry
1,3_arm_1,chemistry_standard
1,3_arm_1,inr
1,3_arm_1,hcv_rna_results
1,3_arm_1,hcv_rna_standard
1,3_arm_1,interferon_administration
1,3_arm_1,ribavirin_administration
1,3_arm_1,boceprevir_administration
1,3_arm_1,telaprevir_administration
1,3_arm_1,simeprevir_administration
1,3_arm_1,sofosbuvir_administration
1,3_arm_1,daclatasvir_administration
1,3_arm_1,harvoni_administration
1,3_arm_1,ombitasvir_paritaprevir
1,3_arm_1,dasabuvir
1,3_arm_1,zepatier_administration
1,3_arm_1,ex_coding
1,3_arm_1,adverse_events
1,3_arm_1,ae_coding
1,3_arm_1,conmeds
1,3_arm_1,cm_coding
1,3_arm_1,immunosuppression_dosages
1,3_arm_1,ppi_dosages
1,3_arm_1,transfusions
1,3_arm_1,source_upload_form
1,3_arm_1,site_source_upload_form
1,3_arm_1,protocol_deviations
1,3_arm_1,derived_values
1,3_arm_1,cbc_imported
1,3_arm_1,cbc_im_standard
1,3_arm_1,chemistry_imported
1,3_arm_1,chemistry_im_standard
1,3_arm_1,inr_imported
1,3_arm_1,hcv_rna_imported
1,3_arm_1,hcv_rna_im_standard
1,3_arm_1,conmeds_imported
1,3_arm_1,biological_specimens
1,3_arm_1,cryoglobulinemia_followup
1,4_arm_1,inclusion_exclusion
1,4_arm_1,cbc
1,4_arm_1,cbc_standard
1,4_arm_1,chemistry
1,4_arm_1,chemistry_standard
1,4_arm_1,inr
1,4_arm_1,hcv_rna_results
1,4_arm_1,hcv_rna_standard
1,4_arm_1,interferon_administration
1,4_arm_1,ribavirin_administration
1,4_arm_1,boceprevir_administration
1,4_arm_1,telaprevir_administration
1,4_arm_1,simeprevir_administration
1,4_arm_1,sofosbuvir_administration
1,4_arm_1,daclatasvir_administration
1,4_arm_1,harvoni_administration
1,4_arm_1,ombitasvir_paritaprevir
1,4_arm_1,dasabuvir
1,4_arm_1,zepatier_administration
1,4_arm_1,ex_coding
1,4_arm_1,adverse_events
1,4_arm_1,ae_coding
1,4_arm_1,conmeds
1,4_arm_1,cm_coding
1,4_arm_1,immunosuppression_dosages
1,4_arm_1,ppi_dosages
1,4_arm_1,transfusions
1,4_arm_1,source_upload_form
1,4_arm_1,site_source_upload_form
1,4_arm_1,protocol_deviations
1,4_arm_1,derived_values
1,4_arm_1,cbc_imported
1,4_arm_1,cbc_im_standard
1,4_arm_1,chemistry_imported
1,4_arm_1,chemistry_im_standard
1,4_arm_1,inr_imported
1,4_arm_1,hcv_rna_imported
1,4_arm_1,hcv_rna_im_standard
1,4_arm_1,conmeds_imported
1,4_arm_1,biological_specimens
1,4_arm_1,cryoglobulinemia_followup
1,5_arm_1,cbc
1,5_arm_1,cbc_standard
1,5_arm_1,chemistry
1,5_arm_1,chemistry_standard
1,5_arm_1,inr
1,5_arm_1,hcv_rna_results
1,5_arm_1,hcv_rna_standard
1,5_arm_1,interferon_administration
1,5_arm_1,ribavirin_administration
1,5_arm_1,sofosbuvir_administration
1,5_arm_1,ex_coding
1,5_arm_1,adverse_events
1,5_arm_1,ae_coding
1,5_arm_1,conmeds
1,5_arm_1,cm_coding
1,5_arm_1,immunosuppression_dosages
1,5_arm_1,ppi_dosages
1,5_arm_1,transfusions
1,5_arm_1,source_upload_form
1,5_arm_1,site_source_upload_form
1,5_arm_1,protocol_deviations
1,5_arm_1,derived_values
1,5_arm_1,cbc_imported
1,5_arm_1,cbc_im_standard
1,5_arm_1,chemistry_imported
1,5_arm_1,chemistry_im_standard
1,5_arm_1,inr_imported
1,5_arm_1,hcv_rna_imported
1,5_arm_1,hcv_rna_im_standard
1,5_arm_1,conmeds_imported
1,5_arm_1,biological_specimens
1,6_arm_1,cbc
1,6_arm_1,cbc_standard
1,6_arm_1,chemistry
1,6_arm_1,chemistry_standard
1,6_arm_1,inr
1,6_arm_1,hcv_rna_results
1,6_arm_1,hcv_rna_standard
1,6_arm_1,interferon_administration
1,6_arm_1,ribavirin_administration
1,6_arm_1,sofosbuvir_administration
1,6_arm_1,ex_coding
1,6_arm_1,adverse_events
1,6_arm_1,ae_coding
1,6_arm_1,conmeds
1,6_arm_1,cm_coding
1,6_arm_1,immunosuppression_dosages
1,6_arm_1,ppi_dosages
1,6_arm_1,transfusions
1,6_arm_1,source_upload_form
1,6_arm_1,site_source_upload_form
1,6_arm_1,protocol_deviations
1,6_arm_1,derived_values
1,6_arm_1,cbc_imported
1,6_arm_1,cbc_im_standard
1,6_arm_1,chemistry_imported
1,6_arm_1,chemistry_im_standard
1,6_arm_1,inr_imported
1,6_arm_1,hcv_rna_imported
1,6_arm_1,hcv_rna_im_standard
1,6_arm_1,conmeds_imported
1,6_arm_1,biological_specimens
1,7_arm_1,cbc
1,7_arm_1,cbc_standard
1,7_arm_1,chemistry
1,7_arm_1,chemistry_standard
1,7_arm_1,inr
1,7_arm_1,hcv_rna_results
1,7_arm_1,hcv_rna_standard
1,7_arm_1,interferon_administration
1,7_arm_1,ribavirin_administration
1,7_arm_1,sofosbuvir_administration
1,7_arm_1,ex_coding
1,7_arm_1,adverse_events
1,7_arm_1,ae_coding
1,7_arm_1,conmeds
1,7_arm_1,cm_coding
1,7_arm_1,immunosuppression_dosages
1,7_arm_1,ppi_dosages
1,7_arm_1,transfusions
1,7_arm_1,source_upload_form
1,7_arm_1,site_source_upload_form
1,7_arm_1,protocol_deviations
1,7_arm_1,derived_values
1,7_arm_1,cbc_imported
1,7_arm_1,cbc_im_standard
1,7_arm_1,chemistry_imported
1,7_arm_1,chemistry_im_standard
1,7_arm_1,inr_imported
1,7_arm_1,hcv_rna_imported
1,7_arm_1,hcv_rna_im_standard
1,7_arm_1,conmeds_imported
1,7_arm_1,biological_specimens
1,8_arm_1,cbc
1,8_arm_1,cbc_standard
1,8_arm_1,chemistry
1,8_arm_1,chemistry_standard
1,8_arm_1,inr
1,8_arm_1,hcv_rna_results
1,8_arm_1,hcv_rna_standard
1,8_arm_1,interferon_administration
1,8_arm_1,ribavirin_administration
1,8_arm_1,sofosbuvir_administration
1,8_arm_1,ex_coding
1,8_arm_1,adverse_events
1,8_arm_1,ae_coding
1,8_arm_1,conmeds
1,8_arm_1,cm_coding
1,8_arm_1,immunosuppression_dosages
1,8_arm_1,ppi_dosages
1,8_arm_1,transfusions
1,8_arm_1,source_upload_form
1,8_arm_1,site_source_upload_form
1,8_arm_1,protocol_deviations
1,8_arm_1,derived_values
1,8_arm_1,cbc_imported
1,8_arm_1,cbc_im_standard
1,8_arm_1,chemistry_imported
1,8_arm_1,chemistry_im_standard
1,8_arm_1,inr_imported
1,8_arm_1,hcv_rna_imported
1,8_arm_1,hcv_rna_im_standard
1,8_arm_1,conmeds_imported
1,8_arm_1,biological_specimens
1,9_arm_1,cbc
1,9_arm_1,cbc_standard
1,9_arm_1,chemistry
1,9_arm_1,chemistry_standard
1,9_arm_1,inr
1,9_arm_1,hcv_rna_results
1,9_arm_1,hcv_rna_standard
1,9_arm_1,interferon_administration
1,9_arm_1,ribavirin_administration
1,9_arm_1,ex_coding
1,9_arm_1,adverse_events
1,9_arm_1,ae_coding
1,9_arm_1,conmeds
1,9_arm_1,cm_coding
1,9_arm_1,immunosuppression_dosages
1,9_arm_1,ppi_dosages
1,9_arm_1,transfusions
1,9_arm_1,source_upload_form
1,9_arm_1,site_source_upload_form
1,9_arm_1,protocol_deviations
1,9_arm_1,derived_values
1,9_arm_1,cbc_imported
1,9_arm_1,cbc_im_standard
1,9_arm_1,chemistry_imported
1,9_arm_1,chemistry_im_standard
1,9_arm_1,inr_imported
1,9_arm_1,hcv_rna_imported
1,9_arm_1,hcv_rna_im_standard
1,9_arm_1,conmeds_imported
1,9_arm_1,biological_specimens
1,10_arm_1,cbc
1,10_arm_1,cbc_standard
1,10_arm_1,chemistry
1,10_arm_1,chemistry_standard
1,10_arm_1,inr
1,10_arm_1,hcv_rna_results
1,10_arm_1,hcv_rna_standard
1,10_arm_1,interferon_administration
1,10_arm_1,ribavirin_administration
1,10_arm_1,ex_coding
1,10_arm_1,adverse_events
1,10_arm_1,ae_coding
1,10_arm_1,conmeds
1,10_arm_1,cm_coding
1,10_arm_1,immunosuppression_dosages
1,10_arm_1,ppi_dosages
1,10_arm_1,transfusions
1,10_arm_1,source_upload_form
1,10_arm_1,site_source_upload_form
1,10_arm_1,protocol_deviations
1,10_arm_1,derived_values
1,10_arm_1,cbc_imported
1,10_arm_1,cbc_im_standard
1,10_arm_1,chemistry_imported
1,10_arm_1,chemistry_im_standard
1,10_arm_1,inr_imported
1,10_arm_1,hcv_rna_imported
1,10_arm_1,hcv_rna_im_standard
1,10_arm_1,conmeds_imported
1,10_arm_1,biological_specimens
1,11_arm_1,cbc
1,11_arm_1,cbc_standard
1,11_arm_1,chemistry
1,11_arm_1,chemistry_standard
1,11_arm_1,inr
1,11_arm_1,hcv_rna_results
1,11_arm_1,hcv_rna_standard
1,11_arm_1,interferon_administration
1,11_arm_1,ribavirin_administration
1,11_arm_1,ex_coding
1,11_arm_1,adverse_events
1,11_arm_1,ae_coding
1,11_arm_1,conmeds
1,11_arm_1,cm_coding
1,11_arm_1,immunosuppression_dosages
1,11_arm_1,ppi_dosages
1,11_arm_1,transfusions
1,11_arm_1,source_upload_form
1,11_arm_1,site_source_upload_form
1,11_arm_1,protocol_deviations
1,11_arm_1,derived_values
1,11_arm_1,cbc_imported
1,11_arm_1,cbc_im_standard
1,11_arm_1,chemistry_imported
1,11_arm_1,chemistry_im_standard
1,11_arm_1,inr_imported
1,11_arm_1,hcv_rna_imported
1,11_arm_1,hcv_rna_im_standard
1,11_arm_1,conmeds_imported
1,11_arm_1,biological_specimens
1,12_arm_1,cbc
1,12_arm_1,cbc_standard
1,12_arm_1,chemistry
1,12_arm_1,chemistry_standard
1,12_arm_1,inr
1,12_arm_1,hcv_rna_results
1,12_arm_1,hcv_rna_standard
1,12_arm_1,ribavirin_administration
1,12_arm_1,ex_coding
1,12_arm_1,adverse_events
1,12_arm_1,ae_coding
1,12_arm_1,conmeds
1,12_arm_1,cm_coding
1,12_arm_1,immunosuppression_dosages
1,12_arm_1,ppi_dosages
1,12_arm_1,source_upload_form
1,12_arm_1,site_source_upload_form
1,12_arm_1,derived_values
1,12_arm_1,cbc_imported
1,12_arm_1,cbc_im_standard
1,12_arm_1,chemistry_imported
1,12_arm_1,chemistry_im_standard
1,12_arm_1,inr_imported
1,12_arm_1,hcv_rna_imported
1,12_arm_1,hcv_rna_im_standard
1,12_arm_1,conmeds_imported
1,13_arm_1,cbc
1,13_arm_1,cbc_standard
1,13_arm_1,chemistry
1,13_arm_1,chemistry_standard
1,13_arm_1,inr
1,13_arm_1,hcv_rna_results
1,13_arm_1,hcv_rna_standard
1,13_arm_1,ribavirin_administration
1,13_arm_1,ex_coding
1,13_arm_1,adverse_events
1,13_arm_1,ae_coding
1,13_arm_1,conmeds
1,13_arm_1,cm_coding
1,13_arm_1,immunosuppression_dosages
1,13_arm_1,ppi_dosages
1,13_arm_1,source_upload_form
1,13_arm_1,site_source_upload_form
1,13_arm_1,derived_values
1,13_arm_1,cbc_imported
1,13_arm_1,cbc_im_standard
1,13_arm_1,chemistry_imported
1,13_arm_1,chemistry_im_standard
1,13_arm_1,inr_imported
1,13_arm_1,hcv_rna_imported
1,13_arm_1,hcv_rna_im_standard
1,13_arm_1,conmeds_imported
1,14_arm_1,cbc
1,14_arm_1,cbc_standard
1,14_arm_1,chemistry
1,14_arm_1,chemistry_standard
1,14_arm_1,inr
1,14_arm_1,hcv_rna_results
1,14_arm_1,hcv_rna_standard
1,14_arm_1,ribavirin_administration
1,14_arm_1,ex_coding
1,14_arm_1,adverse_events
1,14_arm_1,ae_coding
1,14_arm_1,conmeds
1,14_arm_1,cm_coding
1,14_arm_1,immunosuppression_dosages
1,14_arm_1,ppi_dosages
1,14_arm_1,source_upload_form
1,14_arm_1,site_source_upload_form
1,14_arm_1,derived_values
1,14_arm_1,cbc_imported
1,14_arm_1,cbc_im_standard
1,14_arm_1,chemistry_imported
1,14_arm_1,chemistry_im_standard
1,14_arm_1,inr_imported
1,14_arm_1,hcv_rna_imported
1,14_arm_1,hcv_rna_im_standard
1,14_arm_1,conmeds_imported
1,15_arm_1,cbc
1,15_arm_1,cbc_standard
1,15_arm_1,chemistry
1,15_arm_1,chemistry_standard
1,15_arm_1,inr
1,15_arm_1,hcv_rna_results
1,15_arm_1,hcv_rna_standard
1,15_arm_1,ribavirin_administration
1,15_arm_1,ex_coding
1,15_arm_1,adverse_events
1,15_arm_1,ae_coding
1,15_arm_1,conmeds
1,15_arm_1,cm_coding
1,15_arm_1,immunosuppression_dosages
1,15_arm_1,ppi_dosages
1,15_arm_1,source_upload_form
1,15_arm_1,site_source_upload_form
1,15_arm_1,derived_values
1,15_arm_1,cbc_imported
1,15_arm_1,cbc_im_standard
1,15_arm_1,chemistry_imported
1,15_arm_1,chemistry_im_standard
1,15_arm_1,inr_imported
1,15_arm_1,hcv_rna_imported
1,15_arm_1,hcv_rna_im_standard
1,15_arm_1,conmeds_imported
1,16_arm_1,cbc
1,16_arm_1,cbc_standard
1,16_arm_1,chemistry
1,16_arm_1,chemistry_standard
1,16_arm_1,inr
1,16_arm_1,hcv_rna_results
1,16_arm_1,hcv_rna_standard
1,16_arm_1,ribavirin_administration
1,16_arm_1,ex_coding
1,16_arm_1,adverse_events
1,16_arm_1,ae_coding
1,16_arm_1,conmeds
1,16_arm_1,cm_coding
1,16_arm_1,immunosuppression_dosages
1,16_arm_1,ppi_dosages
1,16_arm_1,source_upload_form
1,16_arm_1,site_source_upload_form
1,16_arm_1,derived_values
1,16_arm_1,cbc_imported
1,16_arm_1,cbc_im_standard
1,16_arm_1,chemistry_imported
1,16_arm_1,chemistry_im_standard
1,16_arm_1,inr_imported
1,16_arm_1,hcv_rna_imported
1,16_arm_1,hcv_rna_im_standard
1,16_arm_1,conmeds_imported
1,17_arm_1,cbc
1,17_arm_1,cbc_standard
1,17_arm_1,chemistry
1,17_arm_1,chemistry_standard
1,17_arm_1,inr
1,17_arm_1,hcv_rna_results
1,17_arm_1,hcv_rna_standard
1,17_arm_1,ribavirin_administration
1,17_arm_1,ex_coding
1,17_arm_1,adverse_events
1,17_arm_1,ae_coding
1,17_arm_1,conmeds
1,17_arm_1,cm_coding
1,17_arm_1,immunosuppression_dosages
1,17_arm_1,ppi_dosages
1,17_arm_1,source_upload_form
1,17_arm_1,site_source_upload_form
1,17_arm_1,derived_values
1,17_arm_1,cbc_imported
1,17_arm_1,cbc_im_standard
1,17_arm_1,chemistry_imported
1,17_arm_1,chemistry_im_standard
1,17_arm_1,inr_imported
1,17_arm_1,hcv_rna_imported
1,17_arm_1,hcv_rna_im_standard
1,17_arm_1,conmeds_imported
1,18_arm_1,cbc
1,18_arm_1,cbc_standard
1,18_arm_1,chemistry
1,18_arm_1,chemistry_standard
1,18_arm_1,inr
1,18_arm_1,hcv_rna_results
1,18_arm_1,hcv_rna_standard
1,18_arm_1,ribavirin_administration
1,18_arm_1,ex_coding
1,18_arm_1,adverse_events
1,18_arm_1,ae_coding
1,18_arm_1,conmeds
1,18_arm_1,cm_coding
1,18_arm_1,immunosuppression_dosages
1,18_arm_1,ppi_dosages
1,18_arm_1,source_upload_form
1,18_arm_1,site_source_upload_form
1,18_arm_1,derived_values
1,18_arm_1,cbc_imported
1,18_arm_1,cbc_im_standard
1,18_arm_1,chemistry_imported
1,18_arm_1,chemistry_im_standard
1,18_arm_1,inr_imported
1,18_arm_1,hcv_rna_imported
1,18_arm_1,hcv_rna_im_standard
1,18_arm_1,conmeds_imported
1,19_arm_1,cbc
1,19_arm_1,cbc_standard
1,19_arm_1,chemistry
1,19_arm_1,chemistry_standard
1,19_arm_1,inr
1,19_arm_1,hcv_rna_results
1,19_arm_1,hcv_rna_standard
1,19_arm_1,ribavirin_administration
1,19_arm_1,ex_coding
1,19_arm_1,adverse_events
1,19_arm_1,ae_coding
1,19_arm_1,conmeds
1,19_arm_1,cm_coding
1,19_arm_1,immunosuppression_dosages
1,19_arm_1,ppi_dosages
1,19_arm_1,source_upload_form
1,19_arm_1,site_source_upload_form
1,19_arm_1,derived_values
1,19_arm_1,cbc_imported
1,19_arm_1,cbc_im_standard
1,19_arm_1,chemistry_imported
1,19_arm_1,chemistry_im_standard
1,19_arm_1,inr_imported
1,19_arm_1,hcv_rna_imported
1,19_arm_1,hcv_rna_im_standard
1,19_arm_1,conmeds_imported
1,20_arm_1,cbc
1,20_arm_1,cbc_standard
1,20_arm_1,chemistry
1,20_arm_1,chemistry_standard
1,20_arm_1,inr
1,20_arm_1,hcv_rna_results
1,20_arm_1,hcv_rna_standard
1,20_arm_1,ribavirin_administration
1,20_arm_1,ex_coding
1,20_arm_1,adverse_events
1,20_arm_1,ae_coding
1,20_arm_1,conmeds
1,20_arm_1,cm_coding
1,20_arm_1,immunosuppression_dosages
1,20_arm_1,ppi_dosages
1,20_arm_1,source_upload_form
1,20_arm_1,site_source_upload_form
1,20_arm_1,derived_values
1,20_arm_1,cbc_imported
1,20_arm_1,cbc_im_standard
1,20_arm_1,chemistry_imported
1,20_arm_1,chemistry_im_standard
1,20_arm_1,inr_imported
1,20_arm_1,hcv_rna_imported
1,20_arm_1,hcv_rna_im_standard
1,20_arm_1,conmeds_imported
1,21_arm_1,cbc
1,21_arm_1,cbc_standard
1,21_arm_1,chemistry
1,21_arm_1,chemistry_standard
1,21_arm_1,inr
1,21_arm_1,hcv_rna_results
1,21_arm_1,hcv_rna_standard
1,21_arm_1,ribavirin_administration
1,21_arm_1,ex_coding
1,21_arm_1,adverse_events
1,21_arm_1,ae_coding
1,21_arm_1,conmeds
1,21_arm_1,cm_coding
1,21_arm_1,immunosuppression_dosages
1,21_arm_1,ppi_dosages
1,21_arm_1,source_upload_form
1,21_arm_1,site_source_upload_form
1,21_arm_1,derived_values
1,21_arm_1,cbc_imported
1,21_arm_1,cbc_im_standard
1,21_arm_1,chemistry_imported
1,21_arm_1,chemistry_im_standard
1,21_arm_1,inr_imported
1,21_arm_1,hcv_rna_imported
1,21_arm_1,hcv_rna_im_standard
1,21_arm_1,conmeds_imported
1,22_arm_1,cbc
1,22_arm_1,cbc_standard
1,22_arm_1,chemistry
1,22_arm_1,chemistry_standard
1,22_arm_1,inr
1,22_arm_1,hcv_rna_results
1,22_arm_1,hcv_rna_standard
1,22_arm_1,ribavirin_administration
1,22_arm_1,ex_coding
1,22_arm_1,adverse_events
1,22_arm_1,ae_coding
1,22_arm_1,conmeds
1,22_arm_1,cm_coding
1,22_arm_1,immunosuppression_dosages
1,22_arm_1,ppi_dosages
1,22_arm_1,source_upload_form
1,22_arm_1,site_source_upload_form
1,22_arm_1,derived_values
1,22_arm_1,cbc_imported
1,22_arm_1,cbc_im_standard
1,22_arm_1,chemistry_imported
1,22_arm_1,chemistry_im_standard
1,22_arm_1,inr_imported
1,22_arm_1,hcv_rna_imported
1,22_arm_1,hcv_rna_im_standard
1,22_arm_1,conmeds_imported
1,23_arm_1,cbc
1,23_arm_1,cbc_standard
1,23_arm_1,chemistry
1,23_arm_1,chemistry_standard
1,23_arm_1,inr
1,23_arm_1,hcv_rna_results
1,23_arm_1,hcv_rna_standard
1,23_arm_1,ribavirin_administration
1,23_arm_1,ex_coding
1,23_arm_1,adverse_events
1,23_arm_1,ae_coding
1,23_arm_1,conmeds
1,23_arm_1,cm_coding
1,23_arm_1,immunosuppression_dosages
1,23_arm_1,ppi_dosages
1,23_arm_1,source_upload_form
1,23_arm_1,site_source_upload_form
1,23_arm_1,derived_values
1,23_arm_1,cbc_imported
1,23_arm_1,cbc_im_standard
1,23_arm_1,chemistry_imported
1,23_arm_1,chemistry_im_standard
1,23_arm_1,inr_imported
1,23_arm_1,hcv_rna_imported
1,23_arm_1,hcv_rna_im_standard
1,23_arm_1,conmeds_imported
1,24_arm_1,cbc
1,24_arm_1,cbc_standard
1,24_arm_1,chemistry
1,24_arm_1,chemistry_standard
1,24_arm_1,inr
1,24_arm_1,hcv_rna_results
1,24_arm_1,hcv_rna_standard
1,24_arm_1,ribavirin_administration
1,24_arm_1,ex_coding
1,24_arm_1,adverse_events
1,24_arm_1,ae_coding
1,24_arm_1,conmeds
1,24_arm_1,cm_coding
1,24_arm_1,immunosuppression_dosages
1,24_arm_1,ppi_dosages
1,24_arm_1,source_upload_form
1,24_arm_1,site_source_upload_form
1,24_arm_1,derived_values
1,24_arm_1,cbc_imported
1,24_arm_1,cbc_im_standard
1,24_arm_1,chemistry_imported
1,24_arm_1,chemistry_im_standard
1,24_arm_1,inr_imported
1,24_arm_1,hcv_rna_imported
1,24_arm_1,hcv_rna_im_standard
1,24_arm_1,conmeds_imported
1,25_arm_1,cbc
1,25_arm_1,cbc_standard
1,25_arm_1,chemistry
1,25_arm_1,chemistry_standard
1,25_arm_1,inr
1,25_arm_1,hcv_rna_results
1,25_arm_1,hcv_rna_standard
1,25_arm_1,adverse_events
1,25_arm_1,ae_coding
1,25_arm_1,conmeds
1,25_arm_1,cm_coding
1,25_arm_1,immunosuppression_dosages
1,25_arm_1,ppi_dosages
1,25_arm_1,source_upload_form
1,25_arm_1,site_source_upload_form
1,25_arm_1,derived_values
1,25_arm_1,cbc_imported
1,25_arm_1,cbc_im_standard
1,25_arm_1,chemistry_imported
1,25_arm_1,chemistry_im_standard
1,25_arm_1,inr_imported
1,25_arm_1,hcv_rna_imported
1,25_arm_1,hcv_rna_im_standard
1,25_arm_1,conmeds_imported
1,26_arm_1,cbc
1,26_arm_1,cbc_standard
1,26_arm_1,chemistry
1,26_arm_1,chemistry_standard
1,26_arm_1,inr
1,26_arm_1,hcv_rna_results
1,26_arm_1,hcv_rna_standard
1,26_arm_1,adverse_events
1,26_arm_1,ae_coding
1,26_arm_1,conmeds
1,26_arm_1,cm_coding
1,26_arm_1,immunosuppression_dosages
1,26_arm_1,ppi_dosages
1,26_arm_1,source_upload_form
1,26_arm_1,site_source_upload_form
1,26_arm_1,derived_values
1,26_arm_1,cbc_imported
1,26_arm_1,cbc_im_standard
1,26_arm_1,chemistry_imported
1,26_arm_1,chemistry_im_standard
1,26_arm_1,inr_imported
1,26_arm_1,hcv_rna_imported
1,26_arm_1,hcv_rna_im_standard
1,26_arm_1,conmeds_imported
1,27_arm_1,cbc
1,27_arm_1,cbc_standard
1,27_arm_1,chemistry
1,27_arm_1,chemistry_standard
1,27_arm_1,inr
1,27_arm_1,hcv_rna_results
1,27_arm_1,hcv_rna_standard
1,27_arm_1,adverse_events
1,27_arm_1,ae_coding
1,27_arm_1,conmeds
1,27_arm_1,cm_coding
1,27_arm_1,immunosuppression_dosages
1,27_arm_1,ppi_dosages
1,27_arm_1,source_upload_form
1,27_arm_1,site_source_upload_form
1,27_arm_1,derived_values
1,27_arm_1,cbc_imported
1,27_arm_1,cbc_im_standard
1,27_arm_1,chemistry_imported
1,27_arm_1,chemistry_im_standard
1,27_arm_1,inr_imported
1,27_arm_1,hcv_rna_imported
1,27_arm_1,hcv_rna_im_standard
1,27_arm_1,conmeds_imported
1,28_arm_1,cbc
1,28_arm_1,cbc_standard
1,28_arm_1,chemistry
1,28_arm_1,chemistry_standard
1,28_arm_1,inr
1,28_arm_1,hcv_rna_results
1,28_arm_1,hcv_rna_standard
1,28_arm_1,adverse_events
1,28_arm_1,ae_coding
1,28_arm_1,conmeds
1,28_arm_1,cm_coding
1,28_arm_1,immunosuppression_dosages
1,28_arm_1,ppi_dosages
1,28_arm_1,source_upload_form
1,28_arm_1,site_source_upload_form
1,28_arm_1,derived_values
1,28_arm_1,cbc_imported
1,28_arm_1,cbc_im_standard
1,28_arm_1,chemistry_imported
1,28_arm_1,chemistry_im_standard
1,28_arm_1,inr_imported
1,28_arm_1,hcv_rna_imported
1,28_arm_1,hcv_rna_im_standard
1,28_arm_1,conmeds_imported
1,29_arm_1,cbc
1,29_arm_1,cbc_standard
1,29_arm_1,chemistry
1,29_arm_1,chemistry_standard
1,29_arm_1,inr
1,29_arm_1,hcv_rna_results
1,29_arm_1,hcv_rna_standard
1,29_arm_1,adverse_events
1,29_arm_1,ae_coding
1,29_arm_1,conmeds
1,29_arm_1,cm_coding
1,29_arm_1,immunosuppression_dosages
1,29_arm_1,ppi_dosages
1,29_arm_1,source_upload_form
1,29_arm_1,site_source_upload_form
1,29_arm_1,derived_values
1,29_arm_1,cbc_imported
1,29_arm_1,cbc_im_standard
1,29_arm_1,chemistry_imported
1,29_arm_1,chemistry_im_standard
1,29_arm_1,inr_imported
1,29_arm_1,hcv_rna_imported
1,29_arm_1,hcv_rna_im_standard
1,29_arm_1,conmeds_imported
1,30_arm_1,cbc
1,30_arm_1,cbc_standard
1,30_arm_1,chemistry
1,30_arm_1,chemistry_standard
1,30_arm_1,inr
1,30_arm_1,hcv_rna_results
1,30_arm_1,hcv_rna_standard
1,30_arm_1,adverse_events
1,30_arm_1,ae_coding
1,30_arm_1,conmeds
1,30_arm_1,cm_coding
1,30_arm_1,immunosuppression_dosages
1,30_arm_1,ppi_dosages
1,30_arm_1,source_upload_form
1,30_arm_1,site_source_upload_form
1,30_arm_1,derived_values
1,30_arm_1,cbc_imported
1,30_arm_1,cbc_im_standard
1,30_arm_1,chemistry_imported
1,30_arm_1,chemistry_im_standard
1,30_arm_1,inr_imported
1,30_arm_1,hcv_rna_imported
1,30_arm_1,hcv_rna_im_standard
1,30_arm_1,conmeds_imported
1,31_arm_1,cbc
1,31_arm_1,cbc_standard
1,31_arm_1,chemistry
1,31_arm_1,chemistry_standard
1,31_arm_1,inr
1,31_arm_1,hcv_rna_results
1,31_arm_1,hcv_rna_standard
1,31_arm_1,adverse_events
1,31_arm_1,ae_coding
1,31_arm_1,conmeds
1,31_arm_1,cm_coding
1,31_arm_1,immunosuppression_dosages
1,31_arm_1,ppi_dosages
1,31_arm_1,source_upload_form
1,31_arm_1,site_source_upload_form
1,31_arm_1,derived_values
1,31_arm_1,cbc_imported
1,31_arm_1,cbc_im_standard
1,31_arm_1,chemistry_imported
1,31_arm_1,chemistry_im_standard
1,31_arm_1,inr_imported
1,31_arm_1,hcv_rna_imported
1,31_arm_1,hcv_rna_im_standard
1,31_arm_1,conmeds_imported
1,32_arm_1,cbc
1,32_arm_1,cbc_standard
1,32_arm_1,chemistry
1,32_arm_1,chemistry_standard
1,32_arm_1,inr
1,32_arm_1,hcv_rna_results
1,32_arm_1,hcv_rna_standard
1,32_arm_1,adverse_events
1,32_arm_1,ae_coding
1,32_arm_1,conmeds
1,32_arm_1,cm_coding
1,32_arm_1,immunosuppression_dosages
1,32_arm_1,ppi_dosages
1,32_arm_1,source_upload_form
1,32_arm_1,site_source_upload_form
1,32_arm_1,derived_values
1,32_arm_1,cbc_imported
1,32_arm_1,cbc_im_standard
1,32_arm_1,chemistry_imported
1,32_arm_1,chemistry_im_standard
1,32_arm_1,inr_imported
1,32_arm_1,hcv_rna_imported
1,32_arm_1,hcv_rna_im_standard
1,32_arm_1,conmeds_imported
1,33_arm_1,cbc
1,33_arm_1,cbc_standard
1,33_arm_1,chemistry
1,33_arm_1,chemistry_standard
1,33_arm_1,inr
1,33_arm_1,hcv_rna_results
1,33_arm_1,hcv_rna_standard
1,33_arm_1,adverse_events
1,33_arm_1,ae_coding
1,33_arm_1,conmeds
1,33_arm_1,cm_coding
1,33_arm_1,immunosuppression_dosages
1,33_arm_1,ppi_dosages
1,33_arm_1,source_upload_form
1,33_arm_1,site_source_upload_form
1,33_arm_1,derived_values
1,33_arm_1,cbc_imported
1,33_arm_1,cbc_im_standard
1,33_arm_1,chemistry_imported
1,33_arm_1,chemistry_im_standard
1,33_arm_1,inr_imported
1,33_arm_1,hcv_rna_imported
1,33_arm_1,hcv_rna_im_standard
1,33_arm_1,conmeds_imported
1,34_arm_1,cbc
1,34_arm_1,cbc_standard
1,34_arm_1,chemistry
1,34_arm_1,chemistry_standard
1,34_arm_1,inr
1,34_arm_1,hcv_rna_results
1,34_arm_1,hcv_rna_standard
1,34_arm_1,adverse_events
1,34_arm_1,ae_coding
1,34_arm_1,conmeds
1,34_arm_1,cm_coding
1,34_arm_1,immunosuppression_dosages
1,34_arm_1,ppi_dosages
1,34_arm_1,source_upload_form
1,34_arm_1,site_source_upload_form
1,34_arm_1,derived_values
1,34_arm_1,cbc_imported
1,34_arm_1,cbc_im_standard
1,34_arm_1,chemistry_imported
1,34_arm_1,chemistry_im_standard
1,34_arm_1,inr_imported
1,34_arm_1,hcv_rna_imported
1,34_arm_1,hcv_rna_im_standard
1,34_arm_1,conmeds_imported
1,35_arm_1,cbc
1,35_arm_1,cbc_standard
1,35_arm_1,chemistry
1,35_arm_1,chemistry_standard
1,35_arm_1,inr
1,35_arm_1,hcv_rna_results
1,35_arm_1,hcv_rna_standard
1,35_arm_1,adverse_events
1,35_arm_1,ae_coding
1,35_arm_1,conmeds
1,35_arm_1,cm_coding
1,35_arm_1,immunosuppression_dosages
1,35_arm_1,ppi_dosages
1,35_arm_1,source_upload_form
1,35_arm_1,site_source_upload_form
1,35_arm_1,derived_values
1,35_arm_1,cbc_imported
1,35_arm_1,cbc_im_standard
1,35_arm_1,chemistry_imported
1,35_arm_1,chemistry_im_standard
1,35_arm_1,inr_imported
1,35_arm_1,hcv_rna_imported
1,35_arm_1,hcv_rna_im_standard
1,35_arm_1,conmeds_imported
1,36_arm_1,cbc
1,36_arm_1,cbc_standard
1,36_arm_1,chemistry
1,36_arm_1,chemistry_standard
1,36_arm_1,inr
1,36_arm_1,hcv_rna_results
1,36_arm_1,hcv_rna_standard
1,36_arm_1,adverse_events
1,36_arm_1,ae_coding
1,36_arm_1,conmeds
1,36_arm_1,cm_coding
1,36_arm_1,immunosuppression_dosages
1,36_arm_1,ppi_dosages
1,36_arm_1,derived_values
1,36_arm_1,cbc_imported
1,36_arm_1,cbc_im_standard
1,36_arm_1,chemistry_imported
1,36_arm_1,chemistry_im_standard
1,36_arm_1,inr_imported
1,36_arm_1,hcv_rna_imported
1,36_arm_1,hcv_rna_im_standard
1,36_arm_1,conmeds_imported
1,37_arm_1,cbc
1,37_arm_1,cbc_standard
1,37_arm_1,chemistry
1,37_arm_1,chemistry_standard
1,37_arm_1,inr
1,37_arm_1,hcv_rna_results
1,37_arm_1,hcv_rna_standard
1,37_arm_1,adverse_events
1,37_arm_1,ae_coding
1,37_arm_1,conmeds
1,37_arm_1,cm_coding
1,37_arm_1,immunosuppression_dosages
1,37_arm_1,ppi_dosages
1,37_arm_1,derived_values
1,37_arm_1,cbc_imported
1,37_arm_1,cbc_im_standard
1,37_arm_1,chemistry_imported
1,37_arm_1,chemistry_im_standard
1,37_arm_1,inr_imported
1,37_arm_1,hcv_rna_imported
1,37_arm_1,hcv_rna_im_standard
1,37_arm_1,conmeds_imported
1,38_arm_1,cbc
1,38_arm_1,cbc_standard
1,38_arm_1,chemistry
1,38_arm_1,chemistry_standard
1,38_arm_1,inr
1,38_arm_1,hcv_rna_results
1,38_arm_1,hcv_rna_standard
1,38_arm_1,adverse_events
1,38_arm_1,ae_coding
1,38_arm_1,conmeds
1,38_arm_1,cm_coding
1,38_arm_1,immunosuppression_dosages
1,38_arm_1,ppi_dosages
1,38_arm_1,derived_values
1,38_arm_1,cbc_imported
1,38_arm_1,cbc_im_standard
1,38_arm_1,chemistry_imported
1,38_arm_1,chemistry_im_standard
1,38_arm_1,inr_imported
1,38_arm_1,hcv_rna_imported
1,38_arm_1,hcv_rna_im_standard
1,38_arm_1,conmeds_imported
1,39_arm_1,cbc
1,39_arm_1,cbc_standard
1,39_arm_1,chemistry
1,39_arm_1,chemistry_standard
1,39_arm_1,inr
1,39_arm_1,hcv_rna_results
1,39_arm_1,hcv_rna_standard
1,39_arm_1,adverse_events
1,39_arm_1,ae_coding
1,39_arm_1,conmeds
1,39_arm_1,cm_coding
1,39_arm_1,immunosuppression_dosages
1,39_arm_1,ppi_dosages
1,39_arm_1,derived_values
1,39_arm_1,cbc_imported
1,39_arm_1,cbc_im_standard
1,39_arm_1,chemistry_imported
1,39_arm_1,chemistry_im_standard
1,39_arm_1,inr_imported
1,39_arm_1,hcv_rna_imported
1,39_arm_1,hcv_rna_im_standard
1,39_arm_1,conmeds_imported
1,40_arm_1,cbc
1,40_arm_1,cbc_standard
1,40_arm_1,chemistry
1,40_arm_1,chemistry_standard
1,40_arm_1,inr
1,40_arm_1,hcv_rna_results
1,40_arm_1,hcv_rna_standard
1,40_arm_1,adverse_events
1,40_arm_1,ae_coding
1,40_arm_1,conmeds
1,40_arm_1,cm_coding
1,40_arm_1,immunosuppression_dosages
1,40_arm_1,ppi_dosages
1,40_arm_1,derived_values
1,40_arm_1,cbc_imported
1,40_arm_1,cbc_im_standard
1,40_arm_1,chemistry_imported
1,40_arm_1,chemistry_im_standard
1,40_arm_1,inr_imported
1,40_arm_1,hcv_rna_imported
1,40_arm_1,hcv_rna_im_standard
1,40_arm_1,conmeds_imported
1,41_arm_1,cbc
1,41_arm_1,cbc_standard
1,41_arm_1,chemistry
1,41_arm_1,chemistry_standard
1,41_arm_1,inr
1,41_arm_1,hcv_rna_results
1,41_arm_1,hcv_rna_standard
1,41_arm_1,adverse_events
1,41_arm_1,ae_coding
1,41_arm_1,conmeds
1,41_arm_1,cm_coding
1,41_arm_1,immunosuppression_dosages
1,41_arm_1,ppi_dosages
1,41_arm_1,derived_values
1,41_arm_1,cbc_imported
1,41_arm_1,cbc_im_standard
1,41_arm_1,chemistry_imported
1,41_arm_1,chemistry_im_standard
1,41_arm_1,inr_imported
1,41_arm_1,hcv_rna_imported
1,41_arm_1,hcv_rna_im_standard
1,41_arm_1,conmeds_imported
1,42_arm_1,cbc
1,42_arm_1,cbc_standard
1,42_arm_1,chemistry
1,42_arm_1,chemistry_standard
1,42_arm_1,inr
1,42_arm_1,hcv_rna_results
1,42_arm_1,hcv_rna_standard
1,42_arm_1,adverse_events
1,42_arm_1,ae_coding
1,42_arm_1,conmeds
1,42_arm_1,cm_coding
1,42_arm_1,immunosuppression_dosages
1,42_arm_1,ppi_dosages
1,42_arm_1,derived_values
1,42_arm_1,cbc_imported
1,42_arm_1,cbc_im_standard
1,42_arm_1,chemistry_imported
1,42_arm_1,chemistry_im_standard
1,42_arm_1,inr_imported
1,42_arm_1,hcv_rna_imported
1,42_arm_1,hcv_rna_im_standard
1,42_arm_1,conmeds_imported
1,43_arm_1,cbc
1,43_arm_1,cbc_standard
1,43_arm_1,chemistry
1,43_arm_1,chemistry_standard
1,43_arm_1,inr
1,43_arm_1,hcv_rna_results
1,43_arm_1,hcv_rna_standard
1,43_arm_1,adverse_events
1,43_arm_1,ae_coding
1,43_arm_1,conmeds
1,43_arm_1,cm_coding
1,43_arm_1,immunosuppression_dosages
1,43_arm_1,ppi_dosages
1,43_arm_1,derived_values
1,43_arm_1,cbc_imported
1,43_arm_1,cbc_im_standard
1,43_arm_1,chemistry_imported
1,43_arm_1,chemistry_im_standard
1,43_arm_1,inr_imported
1,43_arm_1,hcv_rna_imported
1,43_arm_1,hcv_rna_im_standard
1,43_arm_1,conmeds_imported
1,44_arm_1,cbc
1,44_arm_1,cbc_standard
1,44_arm_1,chemistry
1,44_arm_1,chemistry_standard
1,44_arm_1,inr
1,44_arm_1,hcv_rna_results
1,44_arm_1,hcv_rna_standard
1,44_arm_1,adverse_events
1,44_arm_1,ae_coding
1,44_arm_1,conmeds
1,44_arm_1,cm_coding
1,44_arm_1,immunosuppression_dosages
1,44_arm_1,ppi_dosages
1,44_arm_1,derived_values
1,44_arm_1,cbc_imported
1,44_arm_1,cbc_im_standard
1,44_arm_1,chemistry_imported
1,44_arm_1,chemistry_im_standard
1,44_arm_1,inr_imported
1,44_arm_1,hcv_rna_imported
1,44_arm_1,hcv_rna_im_standard
1,44_arm_1,conmeds_imported
1,45_arm_1,cbc
1,45_arm_1,cbc_standard
1,45_arm_1,chemistry
1,45_arm_1,chemistry_standard
1,45_arm_1,inr
1,45_arm_1,hcv_rna_results
1,45_arm_1,hcv_rna_standard
1,45_arm_1,adverse_events
1,45_arm_1,ae_coding
1,45_arm_1,conmeds
1,45_arm_1,cm_coding
1,45_arm_1,immunosuppression_dosages
1,45_arm_1,ppi_dosages
1,45_arm_1,derived_values
1,45_arm_1,cbc_imported
1,45_arm_1,cbc_im_standard
1,45_arm_1,chemistry_imported
1,45_arm_1,chemistry_im_standard
1,45_arm_1,inr_imported
1,45_arm_1,hcv_rna_imported
1,45_arm_1,hcv_rna_im_standard
1,45_arm_1,conmeds_imported
1,46_arm_1,cbc
1,46_arm_1,cbc_standard
1,46_arm_1,chemistry
1,46_arm_1,chemistry_standard
1,46_arm_1,inr
1,46_arm_1,hcv_rna_results
1,46_arm_1,hcv_rna_standard
1,46_arm_1,adverse_events
1,46_arm_1,ae_coding
1,46_arm_1,conmeds
1,46_arm_1,cm_coding
1,46_arm_1,immunosuppression_dosages
1,46_arm_1,ppi_dosages
1,46_arm_1,derived_values
1,46_arm_1,cbc_imported
1,46_arm_1,cbc_im_standard
1,46_arm_1,chemistry_imported
1,46_arm_1,chemistry_im_standard
1,46_arm_1,inr_imported
1,46_arm_1,hcv_rna_imported
1,46_arm_1,hcv_rna_im_standard
1,46_arm_1,conmeds_imported
1,47_arm_1,cbc
1,47_arm_1,cbc_standard
1,47_arm_1,chemistry
1,47_arm_1,chemistry_standard
1,47_arm_1,inr
1,47_arm_1,hcv_rna_results
1,47_arm_1,hcv_rna_standard
1,47_arm_1,adverse_events
1,47_arm_1,ae_coding
1,47_arm_1,conmeds
1,47_arm_1,cm_coding
1,47_arm_1,immunosuppression_dosages
1,47_arm_1,ppi_dosages
1,47_arm_1,derived_values
1,47_arm_1,cbc_imported
1,47_arm_1,cbc_im_standard
1,47_arm_1,chemistry_imported
1,47_arm_1,chemistry_im_standard
1,47_arm_1,inr_imported
1,47_arm_1,hcv_rna_imported
1,47_arm_1,hcv_rna_im_standard
1,47_arm_1,conmeds_imported
1,48_arm_1,cbc
1,48_arm_1,cbc_standard
1,48_arm_1,chemistry
1,48_arm_1,chemistry_standard
1,48_arm_1,inr
1,48_arm_1,hcv_rna_results
1,48_arm_1,hcv_rna_standard
1,48_arm_1,adverse_events
1,48_arm_1,ae_coding
1,48_arm_1,conmeds
1,48_arm_1,cm_coding
1,48_arm_1,immunosuppression_dosages
1,48_arm_1,ppi_dosages
1,48_arm_1,derived_values
1,48_arm_1,cbc_imported
1,48_arm_1,cbc_im_standard
1,48_arm_1,chemistry_imported
1,48_arm_1,chemistry_im_standard
1,48_arm_1,inr_imported
1,48_arm_1,hcv_rna_imported
1,48_arm_1,hcv_rna_im_standard
1,48_arm_1,conmeds_imported
1,49_arm_1,cbc
1,49_arm_1,cbc_standard
1,49_arm_1,chemistry
1,49_arm_1,chemistry_standard
1,49_arm_1,inr
1,49_arm_1,hcv_rna_results
1,49_arm_1,hcv_rna_standard
1,49_arm_1,adverse_events
1,49_arm_1,ae_coding
1,49_arm_1,conmeds
1,49_arm_1,cm_coding
1,49_arm_1,immunosuppression_dosages
1,49_arm_1,ppi_dosages
1,49_arm_1,derived_values
1,49_arm_1,cbc_imported
1,49_arm_1,cbc_im_standard
1,49_arm_1,chemistry_imported
1,49_arm_1,chemistry_im_standard
1,49_arm_1,inr_imported
1,49_arm_1,hcv_rna_imported
1,49_arm_1,hcv_rna_im_standard
1,49_arm_1,conmeds_imported
1,50_arm_1,cbc
1,50_arm_1,cbc_standard
1,50_arm_1,chemistry
1,50_arm_1,chemistry_standard
1,50_arm_1,inr
1,50_arm_1,hcv_rna_results
1,50_arm_1,hcv_rna_standard
1,50_arm_1,adverse_events
1,50_arm_1,ae_coding
1,50_arm_1,conmeds
1,50_arm_1,cm_coding
1,50_arm_1,immunosuppression_dosages
1,50_arm_1,ppi_dosages
1,50_arm_1,derived_values
1,50_arm_1,cbc_imported
1,50_arm_1,cbc_im_standard
1,50_arm_1,chemistry_imported
1,50_arm_1,chemistry_im_standard
1,50_arm_1,inr_imported
1,50_arm_1,hcv_rna_imported
1,50_arm_1,hcv_rna_im_standard
1,50_arm_1,conmeds_imported
1,51_arm_1,cbc
1,51_arm_1,cbc_standard
1,51_arm_1,chemistry
1,51_arm_1,chemistry_standard
1,51_arm_1,inr
1,51_arm_1,hcv_rna_results
1,51_arm_1,hcv_rna_standard
1,51_arm_1,adverse_events
1,51_arm_1,ae_coding
1,51_arm_1,conmeds
1,51_arm_1,cm_coding
1,51_arm_1,immunosuppression_dosages
1,51_arm_1,ppi_dosages
1,51_arm_1,derived_values
1,51_arm_1,cbc_imported
1,51_arm_1,cbc_im_standard
1,51_arm_1,chemistry_imported
1,51_arm_1,chemistry_im_standard
1,51_arm_1,inr_imported
1,51_arm_1,hcv_rna_imported
1,51_arm_1,hcv_rna_im_standard
1,51_arm_1,conmeds_imported
1,52_arm_1,cbc
1,52_arm_1,cbc_standard
1,52_arm_1,chemistry
1,52_arm_1,chemistry_standard
1,52_arm_1,inr
1,52_arm_1,hcv_rna_results
1,52_arm_1,hcv_rna_standard
1,52_arm_1,adverse_events
1,52_arm_1,ae_coding
1,52_arm_1,conmeds
1,52_arm_1,cm_coding
1,52_arm_1,immunosuppression_dosages
1,52_arm_1,ppi_dosages
1,52_arm_1,derived_values
1,52_arm_1,cbc_imported
1,52_arm_1,cbc_im_standard
1,52_arm_1,chemistry_imported
1,52_arm_1,chemistry_im_standard
1,52_arm_1,inr_imported
1,52_arm_1,hcv_rna_imported
1,52_arm_1,hcv_rna_im_standard
1,52_arm_1,conmeds_imported
1,53_arm_1,cbc
1,53_arm_1,cbc_standard
1,53_arm_1,chemistry
1,53_arm_1,chemistry_standard
1,53_arm_1,inr
1,53_arm_1,hcv_rna_results
1,53_arm_1,hcv_rna_standard
1,53_arm_1,adverse_events
1,53_arm_1,ae_coding
1,53_arm_1,conmeds
1,53_arm_1,cm_coding
1,53_arm_1,immunosuppression_dosages
1,53_arm_1,ppi_dosages
1,53_arm_1,derived_values
1,53_arm_1,cbc_imported
1,53_arm_1,cbc_im_standard
1,53_arm_1,chemistry_imported
1,53_arm_1,chemistry_im_standard
1,53_arm_1,inr_imported
1,53_arm_1,hcv_rna_imported
1,53_arm_1,hcv_rna_im_standard
1,53_arm_1,conmeds_imported
1,54_arm_1,cbc
1,54_arm_1,cbc_standard
1,54_arm_1,chemistry
1,54_arm_1,chemistry_standard
1,54_arm_1,inr
1,54_arm_1,hcv_rna_results
1,54_arm_1,hcv_rna_standard
1,54_arm_1,adverse_events
1,54_arm_1,ae_coding
1,54_arm_1,conmeds
1,54_arm_1,cm_coding
1,54_arm_1,immunosuppression_dosages
1,54_arm_1,ppi_dosages
1,54_arm_1,derived_values
1,54_arm_1,cbc_imported
1,54_arm_1,cbc_im_standard
1,54_arm_1,chemistry_imported
1,54_arm_1,chemistry_im_standard
1,54_arm_1,inr_imported
1,54_arm_1,hcv_rna_imported
1,54_arm_1,hcv_rna_im_standard
1,54_arm_1,conmeds_imported
1,55_arm_1,cbc
1,55_arm_1,cbc_standard
1,55_arm_1,chemistry
1,55_arm_1,chemistry_standard
1,55_arm_1,inr
1,55_arm_1,hcv_rna_results
1,55_arm_1,hcv_rna_standard
1,55_arm_1,adverse_events
1,55_arm_1,ae_coding
1,55_arm_1,conmeds
1,55_arm_1,cm_coding
1,55_arm_1,immunosuppression_dosages
1,55_arm_1,ppi_dosages
1,55_arm_1,derived_values
1,55_arm_1,cbc_imported
1,55_arm_1,cbc_im_standard
1,55_arm_1,chemistry_imported
1,55_arm_1,chemistry_im_standard
1,55_arm_1,inr_imported
1,55_arm_1,hcv_rna_imported
1,55_arm_1,hcv_rna_im_standard
1,55_arm_1,conmeds_imported
1,56_arm_1,cbc
1,56_arm_1,cbc_standard
1,56_arm_1,chemistry
1,56_arm_1,chemistry_standard
1,56_arm_1,inr
1,56_arm_1,hcv_rna_results
1,56_arm_1,hcv_rna_standard
1,56_arm_1,adverse_events
1,56_arm_1,ae_coding
1,56_arm_1,conmeds
1,56_arm_1,cm_coding
1,56_arm_1,immunosuppression_dosages
1,56_arm_1,ppi_dosages
1,56_arm_1,derived_values
1,56_arm_1,cbc_imported
1,56_arm_1,cbc_im_standard
1,56_arm_1,chemistry_imported
1,56_arm_1,chemistry_im_standard
1,56_arm_1,inr_imported
1,56_arm_1,hcv_rna_imported
1,56_arm_1,hcv_rna_im_standard
1,56_arm_1,conmeds_imported
1,57_arm_1,cbc
1,57_arm_1,cbc_standard
1,57_arm_1,chemistry
1,57_arm_1,chemistry_standard
1,57_arm_1,inr
1,57_arm_1,hcv_rna_results
1,57_arm_1,hcv_rna_standard
1,57_arm_1,adverse_events
1,57_arm_1,ae_coding
1,57_arm_1,conmeds
1,57_arm_1,cm_coding
1,57_arm_1,immunosuppression_dosages
1,57_arm_1,ppi_dosages
1,57_arm_1,derived_values
1,57_arm_1,cbc_imported
1,57_arm_1,cbc_im_standard
1,57_arm_1,chemistry_imported
1,57_arm_1,chemistry_im_standard
1,57_arm_1,inr_imported
1,57_arm_1,hcv_rna_imported
1,57_arm_1,hcv_rna_im_standard
1,57_arm_1,conmeds_imported
1,58_arm_1,cbc
1,58_arm_1,cbc_standard
1,58_arm_1,chemistry
1,58_arm_1,chemistry_standard
1,58_arm_1,inr
1,58_arm_1,hcv_rna_results
1,58_arm_1,hcv_rna_standard
1,58_arm_1,adverse_events
1,58_arm_1,ae_coding
1,58_arm_1,conmeds
1,58_arm_1,cm_coding
1,58_arm_1,immunosuppression_dosages
1,58_arm_1,ppi_dosages
1,58_arm_1,derived_values
1,58_arm_1,cbc_imported
1,58_arm_1,cbc_im_standard
1,58_arm_1,chemistry_imported
1,58_arm_1,chemistry_im_standard
1,58_arm_1,inr_imported
1,58_arm_1,hcv_rna_imported
1,58_arm_1,hcv_rna_im_standard
1,58_arm_1,conmeds_imported
1,59_arm_1,cbc
1,59_arm_1,cbc_standard
1,59_arm_1,chemistry
1,59_arm_1,chemistry_standard
1,59_arm_1,inr
1,59_arm_1,hcv_rna_results
1,59_arm_1,hcv_rna_standard
1,59_arm_1,adverse_events
1,59_arm_1,ae_coding
1,59_arm_1,conmeds
1,59_arm_1,cm_coding
1,59_arm_1,immunosuppression_dosages
1,59_arm_1,ppi_dosages
1,59_arm_1,derived_values
1,59_arm_1,cbc_imported
1,59_arm_1,cbc_im_standard
1,59_arm_1,chemistry_imported
1,59_arm_1,chemistry_im_standard
1,59_arm_1,inr_imported
1,59_arm_1,hcv_rna_imported
1,59_arm_1,hcv_rna_im_standard
1,59_arm_1,conmeds_imported
1,60_arm_1,cbc
1,60_arm_1,cbc_standard
1,60_arm_1,chemistry
1,60_arm_1,chemistry_standard
1,60_arm_1,inr
1,60_arm_1,hcv_rna_results
1,60_arm_1,hcv_rna_standard
1,60_arm_1,adverse_events
1,60_arm_1,ae_coding
1,60_arm_1,conmeds
1,60_arm_1,cm_coding
1,60_arm_1,immunosuppression_dosages
1,60_arm_1,ppi_dosages
1,60_arm_1,derived_values
1,60_arm_1,cbc_imported
1,60_arm_1,cbc_im_standard
1,60_arm_1,chemistry_imported
1,60_arm_1,chemistry_im_standard
1,60_arm_1,inr_imported
1,60_arm_1,hcv_rna_imported
1,60_arm_1,hcv_rna_im_standard
1,60_arm_1,conmeds_imported
1,61_arm_1,cbc
1,61_arm_1,cbc_standard
1,61_arm_1,chemistry
1,61_arm_1,chemistry_standard
1,61_arm_1,inr
1,61_arm_1,hcv_rna_results
1,61_arm_1,hcv_rna_standard
1,61_arm_1,adverse_events
1,61_arm_1,ae_coding
1,61_arm_1,conmeds
1,61_arm_1,cm_coding
1,61_arm_1,immunosuppression_dosages
1,61_arm_1,ppi_dosages
1,61_arm_1,derived_values
1,61_arm_1,cbc_imported
1,61_arm_1,cbc_im_standard
1,61_arm_1,chemistry_imported
1,61_arm_1,chemistry_im_standard
1,61_arm_1,inr_imported
1,61_arm_1,conmeds_imported
1,62_arm_1,cbc
1,62_arm_1,cbc_standard
1,62_arm_1,chemistry
1,62_arm_1,chemistry_standard
1,62_arm_1,inr
1,62_arm_1,hcv_rna_results
1,62_arm_1,hcv_rna_standard
1,62_arm_1,adverse_events
1,62_arm_1,ae_coding
1,62_arm_1,conmeds
1,62_arm_1,cm_coding
1,62_arm_1,immunosuppression_dosages
1,62_arm_1,ppi_dosages
1,62_arm_1,derived_values
1,62_arm_1,cbc_imported
1,62_arm_1,cbc_im_standard
1,62_arm_1,chemistry_imported
1,62_arm_1,chemistry_im_standard
1,62_arm_1,inr_imported
1,62_arm_1,conmeds_imported
1,63_arm_1,cbc
1,63_arm_1,cbc_standard
1,63_arm_1,chemistry
1,63_arm_1,chemistry_standard
1,63_arm_1,inr
1,63_arm_1,hcv_rna_results
1,63_arm_1,hcv_rna_standard
1,63_arm_1,adverse_events
1,63_arm_1,ae_coding
1,63_arm_1,conmeds
1,63_arm_1,cm_coding
1,63_arm_1,immunosuppression_dosages
1,63_arm_1,ppi_dosages
1,63_arm_1,derived_values
1,63_arm_1,cbc_imported
1,63_arm_1,cbc_im_standard
1,63_arm_1,chemistry_imported
1,63_arm_1,chemistry_im_standard
1,63_arm_1,inr_imported
1,63_arm_1,conmeds_imported
1,64_arm_1,cbc
1,64_arm_1,cbc_standard
1,64_arm_1,chemistry
1,64_arm_1,chemistry_standard
1,64_arm_1,inr
1,64_arm_1,hcv_rna_results
1,64_arm_1,hcv_rna_standard
1,64_arm_1,adverse_events
1,64_arm_1,ae_coding
1,64_arm_1,conmeds
1,64_arm_1,cm_coding
1,64_arm_1,immunosuppression_dosages
1,64_arm_1,ppi_dosages
1,64_arm_1,derived_values
1,64_arm_1,cbc_imported
1,64_arm_1,cbc_im_standard
1,64_arm_1,chemistry_imported
1,64_arm_1,chemistry_im_standard
1,64_arm_1,inr_imported
1,64_arm_1,conmeds_imported
1,65_arm_1,cbc
1,65_arm_1,cbc_standard
1,65_arm_1,chemistry
1,65_arm_1,chemistry_standard
1,65_arm_1,inr
1,65_arm_1,hcv_rna_results
1,65_arm_1,hcv_rna_standard
1,65_arm_1,adverse_events
1,65_arm_1,ae_coding
1,65_arm_1,conmeds
1,65_arm_1,cm_coding
1,65_arm_1,immunosuppression_dosages
1,65_arm_1,ppi_dosages
1,65_arm_1,derived_values
1,65_arm_1,cbc_imported
1,65_arm_1,cbc_im_standard
1,65_arm_1,chemistry_imported
1,65_arm_1,chemistry_im_standard
1,65_arm_1,inr_imported
1,65_arm_1,conmeds_imported
1,66_arm_1,cbc
1,66_arm_1,cbc_standard
1,66_arm_1,chemistry
1,66_arm_1,chemistry_standard
1,66_arm_1,inr
1,66_arm_1,hcv_rna_results
1,66_arm_1,hcv_rna_standard
1,66_arm_1,adverse_events
1,66_arm_1,ae_coding
1,66_arm_1,conmeds
1,66_arm_1,cm_coding
1,66_arm_1,immunosuppression_dosages
1,66_arm_1,ppi_dosages
1,66_arm_1,derived_values
1,66_arm_1,cbc_imported
1,66_arm_1,cbc_im_standard
1,66_arm_1,chemistry_imported
1,66_arm_1,chemistry_im_standard
1,66_arm_1,inr_imported
1,66_arm_1,conmeds_imported
1,67_arm_1,cbc
1,67_arm_1,cbc_standard
1,67_arm_1,chemistry
1,67_arm_1,chemistry_standard
1,67_arm_1,inr
1,67_arm_1,hcv_rna_results
1,67_arm_1,hcv_rna_standard
1,67_arm_1,adverse_events
1,67_arm_1,ae_coding
1,67_arm_1,conmeds
1,67_arm_1,cm_coding
1,67_arm_1,immunosuppression_dosages
1,67_arm_1,ppi_dosages
1,67_arm_1,derived_values
1,67_arm_1,cbc_imported
1,67_arm_1,cbc_im_standard
1,67_arm_1,chemistry_imported
1,67_arm_1,chemistry_im_standard
1,67_arm_1,inr_imported
1,67_arm_1,conmeds_imported
1,68_arm_1,cbc
1,68_arm_1,cbc_standard
1,68_arm_1,chemistry
1,68_arm_1,chemistry_standard
1,68_arm_1,inr
1,68_arm_1,hcv_rna_results
1,68_arm_1,hcv_rna_standard
1,68_arm_1,adverse_events
1,68_arm_1,ae_coding
1,68_arm_1,conmeds
1,68_arm_1,cm_coding
1,68_arm_1,immunosuppression_dosages
1,68_arm_1,ppi_dosages
1,68_arm_1,derived_values
1,68_arm_1,cbc_imported
1,68_arm_1,cbc_im_standard
1,68_arm_1,chemistry_imported
1,68_arm_1,chemistry_im_standard
1,68_arm_1,inr_imported
1,68_arm_1,conmeds_imported
1,69_arm_1,cbc
1,69_arm_1,cbc_standard
1,69_arm_1,chemistry
1,69_arm_1,chemistry_standard
1,69_arm_1,inr
1,69_arm_1,hcv_rna_results
1,69_arm_1,hcv_rna_standard
1,69_arm_1,adverse_events
1,69_arm_1,ae_coding
1,69_arm_1,conmeds
1,69_arm_1,cm_coding
1,69_arm_1,immunosuppression_dosages
1,69_arm_1,ppi_dosages
1,69_arm_1,derived_values
1,69_arm_1,cbc_imported
1,69_arm_1,cbc_im_standard
1,69_arm_1,chemistry_imported
1,69_arm_1,chemistry_im_standard
1,69_arm_1,inr_imported
1,69_arm_1,conmeds_imported
1,70_arm_1,cbc
1,70_arm_1,cbc_standard
1,70_arm_1,chemistry
1,70_arm_1,chemistry_standard
1,70_arm_1,inr
1,70_arm_1,hcv_rna_results
1,70_arm_1,hcv_rna_standard
1,70_arm_1,adverse_events
1,70_arm_1,ae_coding
1,70_arm_1,conmeds
1,70_arm_1,cm_coding
1,70_arm_1,immunosuppression_dosages
1,70_arm_1,ppi_dosages
1,70_arm_1,derived_values
1,70_arm_1,cbc_imported
1,70_arm_1,cbc_im_standard
1,70_arm_1,chemistry_imported
1,70_arm_1,chemistry_im_standard
1,70_arm_1,inr_imported
1,70_arm_1,conmeds_imported
1,71_arm_1,cbc
1,71_arm_1,cbc_standard
1,71_arm_1,chemistry
1,71_arm_1,chemistry_standard
1,71_arm_1,inr
1,71_arm_1,hcv_rna_results
1,71_arm_1,hcv_rna_standard
1,71_arm_1,adverse_events
1,71_arm_1,ae_coding
1,71_arm_1,conmeds
1,71_arm_1,cm_coding
1,71_arm_1,immunosuppression_dosages
1,71_arm_1,ppi_dosages
1,71_arm_1,derived_values
1,71_arm_1,cbc_imported
1,71_arm_1,cbc_im_standard
1,71_arm_1,chemistry_imported
1,71_arm_1,chemistry_im_standard
1,71_arm_1,inr_imported
1,71_arm_1,conmeds_imported
1,72_arm_1,cbc
1,72_arm_1,cbc_standard
1,72_arm_1,chemistry
1,72_arm_1,chemistry_standard
1,72_arm_1,inr
1,72_arm_1,hcv_rna_results
1,72_arm_1,hcv_rna_standard
1,72_arm_1,adverse_events
1,72_arm_1,ae_coding
1,72_arm_1,conmeds
1,72_arm_1,cm_coding
1,72_arm_1,immunosuppression_dosages
1,72_arm_1,ppi_dosages
1,72_arm_1,derived_values
1,72_arm_1,cbc_imported
1,72_arm_1,cbc_im_standard
1,72_arm_1,chemistry_imported
1,72_arm_1,chemistry_im_standard
1,72_arm_1,inr_imported
1,72_arm_1,conmeds_imported
1,73_arm_1,cbc
1,73_arm_1,cbc_standard
1,73_arm_1,chemistry
1,73_arm_1,chemistry_standard
1,73_arm_1,inr
1,73_arm_1,hcv_rna_results
1,73_arm_1,hcv_rna_standard
1,73_arm_1,adverse_events
1,73_arm_1,ae_coding
1,73_arm_1,conmeds
1,73_arm_1,cm_coding
1,73_arm_1,immunosuppression_dosages
1,73_arm_1,ppi_dosages
1,73_arm_1,derived_values
1,73_arm_1,cbc_imported
1,73_arm_1,cbc_im_standard
1,73_arm_1,chemistry_imported
1,73_arm_1,chemistry_im_standard
1,73_arm_1,inr_imported
1,73_arm_1,conmeds_imported
1,74_arm_1,cbc
1,74_arm_1,cbc_standard
1,74_arm_1,chemistry
1,74_arm_1,chemistry_standard
1,74_arm_1,inr
1,74_arm_1,hcv_rna_results
1,74_arm_1,hcv_rna_standard
1,74_arm_1,adverse_events
1,74_arm_1,ae_coding
1,74_arm_1,conmeds
1,74_arm_1,cm_coding
1,74_arm_1,immunosuppression_dosages
1,74_arm_1,ppi_dosages
1,74_arm_1,derived_values
1,74_arm_1,cbc_imported
1,74_arm_1,cbc_im_standard
1,74_arm_1,chemistry_imported
1,74_arm_1,chemistry_im_standard
1,74_arm_1,inr_imported
1,74_arm_1,conmeds_imported
1,75_arm_1,cbc
1,75_arm_1,cbc_standard
1,75_arm_1,chemistry
1,75_arm_1,chemistry_standard
1,75_arm_1,inr
1,75_arm_1,hcv_rna_results
1,75_arm_1,hcv_rna_standard
1,75_arm_1,adverse_events
1,75_arm_1,ae_coding
1,75_arm_1,conmeds
1,75_arm_1,cm_coding
1,75_arm_1,immunosuppression_dosages
1,75_arm_1,ppi_dosages
1,75_arm_1,derived_values
1,75_arm_1,cbc_imported
1,75_arm_1,cbc_im_standard
1,75_arm_1,chemistry_imported
1,75_arm_1,chemistry_im_standard
1,75_arm_1,inr_imported
1,75_arm_1,conmeds_imported
1,76_arm_1,cbc
1,76_arm_1,cbc_standard
1,76_arm_1,chemistry
1,76_arm_1,chemistry_standard
1,76_arm_1,inr
1,76_arm_1,hcv_rna_results
1,76_arm_1,hcv_rna_standard
1,76_arm_1,derived_values
1,76_arm_1,cbc_imported
1,76_arm_1,cbc_im_standard
1,76_arm_1,chemistry_imported
1,76_arm_1,chemistry_im_standard
1,76_arm_1,inr_imported
1,76_arm_1,conmeds_imported
1,77_arm_1,cbc
1,77_arm_1,cbc_standard
1,77_arm_1,chemistry
1,77_arm_1,chemistry_standard
1,77_arm_1,inr
1,77_arm_1,hcv_rna_results
1,77_arm_1,hcv_rna_standard
1,77_arm_1,derived_values
1,77_arm_1,cbc_imported
1,77_arm_1,cbc_im_standard
1,77_arm_1,chemistry_imported
1,77_arm_1,chemistry_im_standard
1,77_arm_1,inr_imported
1,77_arm_1,conmeds_imported
1,78_arm_1,cbc
1,78_arm_1,cbc_standard
1,78_arm_1,chemistry
1,78_arm_1,chemistry_standard
1,78_arm_1,inr
1,78_arm_1,hcv_rna_results
1,78_arm_1,hcv_rna_standard
1,78_arm_1,derived_values
1,78_arm_1,cbc_imported
1,78_arm_1,cbc_im_standard
1,78_arm_1,chemistry_imported
1,78_arm_1,chemistry_im_standard
1,78_arm_1,inr_imported
1,78_arm_1,conmeds_imported
1,79_arm_1,cbc
1,79_arm_1,cbc_standard
1,79_arm_1,chemistry
1,79_arm_1,chemistry_standard
1,79_arm_1,inr
1,79_arm_1,hcv_rna_results
1,79_arm_1,hcv_rna_standard
1,79_arm_1,derived_values
1,79_arm_1,cbc_imported
1,79_arm_1,cbc_im_standard
1,79_arm_1,chemistry_imported
1,79_arm_1,chemistry_im_standard
1,79_arm_1,inr_imported
1,79_arm_1,conmeds_imported
1,80_arm_1,cbc
1,80_arm_1,cbc_standard
1,80_arm_1,chemistry
1,80_arm_1,chemistry_standard
1,80_arm_1,inr
1,80_arm_1,hcv_rna_results
1,80_arm_1,hcv_rna_standard
1,80_arm_1,derived_values
1,80_arm_1,cbc_imported
1,80_arm_1,cbc_im_standard
1,80_arm_1,chemistry_imported
1,80_arm_1,chemistry_im_standard
1,80_arm_1,inr_imported
1,80_arm_1,conmeds_imported
1,81_arm_1,cbc
1,81_arm_1,cbc_standard
1,81_arm_1,chemistry
1,81_arm_1,chemistry_standard
1,81_arm_1,inr
1,81_arm_1,hcv_rna_results
1,81_arm_1,hcv_rna_standard
1,81_arm_1,derived_values
1,81_arm_1,cbc_imported
1,81_arm_1,cbc_im_standard
1,81_arm_1,chemistry_imported
1,81_arm_1,chemistry_im_standard
1,81_arm_1,inr_imported
1,81_arm_1,conmeds_imported
1,82_arm_1,cbc
1,82_arm_1,cbc_standard
1,82_arm_1,chemistry
1,82_arm_1,chemistry_standard
1,82_arm_1,inr
1,82_arm_1,hcv_rna_results
1,82_arm_1,hcv_rna_standard
1,82_arm_1,derived_values
1,82_arm_1,cbc_imported
1,82_arm_1,cbc_im_standard
1,82_arm_1,chemistry_imported
1,82_arm_1,chemistry_im_standard
1,82_arm_1,inr_imported
1,82_arm_1,conmeds_imported
1,83_arm_1,cbc
1,83_arm_1,cbc_standard
1,83_arm_1,chemistry
1,83_arm_1,chemistry_standard
1,83_arm_1,inr
1,83_arm_1,hcv_rna_results
1,83_arm_1,hcv_rna_standard
1,83_arm_1,derived_values
1,83_arm_1,cbc_imported
1,83_arm_1,cbc_im_standard
1,83_arm_1,chemistry_imported
1,83_arm_1,chemistry_im_standard
1,83_arm_1,inr_imported
1,83_arm_1,conmeds_imported
1,84_arm_1,cbc
1,84_arm_1,cbc_standard
1,84_arm_1,chemistry
1,84_arm_1,chemistry_standard
1,84_arm_1,inr
1,84_arm_1,hcv_rna_results
1,84_arm_1,hcv_rna_standard
1,84_arm_1,derived_values
1,84_arm_1,cbc_imported
1,84_arm_1,cbc_im_standard
1,84_arm_1,chemistry_imported
1,84_arm_1,chemistry_im_standard
1,84_arm_1,inr_imported
1,84_arm_1,conmeds_imported
1,85_arm_1,cbc
1,85_arm_1,cbc_standard
1,85_arm_1,chemistry
1,85_arm_1,chemistry_standard
1,85_arm_1,inr
1,85_arm_1,hcv_rna_results
1,85_arm_1,hcv_rna_standard
1,85_arm_1,derived_values
1,85_arm_1,cbc_imported
1,85_arm_1,cbc_im_standard
1,85_arm_1,chemistry_imported
1,85_arm_1,chemistry_im_standard
1,85_arm_1,inr_imported
1,85_arm_1,conmeds_imported
1,86_arm_1,cbc
1,86_arm_1,cbc_standard
1,86_arm_1,chemistry
1,86_arm_1,chemistry_standard
1,86_arm_1,inr
1,86_arm_1,hcv_rna_results
1,86_arm_1,hcv_rna_standard
1,86_arm_1,derived_values
1,86_arm_1,cbc_imported
1,86_arm_1,cbc_im_standard
1,86_arm_1,chemistry_imported
1,86_arm_1,chemistry_im_standard
1,86_arm_1,inr_imported
1,86_arm_1,conmeds_imported
1,87_arm_1,cbc
1,87_arm_1,cbc_standard
1,87_arm_1,chemistry
1,87_arm_1,chemistry_standard
1,87_arm_1,inr
1,87_arm_1,hcv_rna_results
1,87_arm_1,hcv_rna_standard
1,87_arm_1,derived_values
1,87_arm_1,cbc_imported
1,87_arm_1,cbc_im_standard
1,87_arm_1,chemistry_imported
1,87_arm_1,chemistry_im_standard
1,87_arm_1,inr_imported
1,87_arm_1,conmeds_imported
1,88_arm_1,cbc
1,88_arm_1,cbc_standard
1,88_arm_1,chemistry
1,88_arm_1,chemistry_standard
1,88_arm_1,inr
1,88_arm_1,hcv_rna_results
1,88_arm_1,hcv_rna_standard
1,88_arm_1,derived_values
1,88_arm_1,cbc_imported
1,88_arm_1,cbc_im_standard
1,88_arm_1,chemistry_imported
1,88_arm_1,chemistry_im_standard
1,88_arm_1,inr_imported
1,88_arm_1,conmeds_imported
1,89_arm_1,cbc
1,89_arm_1,cbc_standard
1,89_arm_1,chemistry
1,89_arm_1,chemistry_standard
1,89_arm_1,inr
1,89_arm_1,hcv_rna_results
1,89_arm_1,hcv_rna_standard
1,89_arm_1,derived_values
1,89_arm_1,cbc_imported
1,89_arm_1,cbc_im_standard
1,89_arm_1,chemistry_imported
1,89_arm_1,chemistry_im_standard
1,89_arm_1,inr_imported
1,89_arm_1,conmeds_imported
1,90_arm_1,cbc
1,90_arm_1,cbc_standard
1,90_arm_1,chemistry
1,90_arm_1,chemistry_standard
1,90_arm_1,inr
1,90_arm_1,hcv_rna_results
1,90_arm_1,hcv_rna_standard
1,90_arm_1,derived_values
1,90_arm_1,cbc_imported
1,90_arm_1,cbc_im_standard
1,90_arm_1,chemistry_imported
1,90_arm_1,chemistry_im_standard
1,90_arm_1,inr_imported
1,90_arm_1,conmeds_imported
1,91_arm_1,cbc
1,91_arm_1,cbc_standard
1,91_arm_1,chemistry
1,91_arm_1,chemistry_standard
1,91_arm_1,inr
1,91_arm_1,hcv_rna_results
1,91_arm_1,hcv_rna_standard
1,91_arm_1,derived_values
1,91_arm_1,cbc_imported
1,91_arm_1,cbc_im_standard
1,91_arm_1,chemistry_imported
1,91_arm_1,chemistry_im_standard
1,91_arm_1,inr_imported
1,91_arm_1,conmeds_imported
1,92_arm_1,cbc
1,92_arm_1,cbc_standard
1,92_arm_1,chemistry
1,92_arm_1,chemistry_standard
1,92_arm_1,inr
1,92_arm_1,hcv_rna_results
1,92_arm_1,hcv_rna_standard
1,92_arm_1,derived_values
1,92_arm_1,cbc_imported
1,92_arm_1,cbc_im_standard
1,92_arm_1,chemistry_imported
1,92_arm_1,chemistry_im_standard
1,92_arm_1,inr_imported
1,92_arm_1,conmeds_imported
1,93_arm_1,cbc
1,93_arm_1,cbc_standard
1,93_arm_1,chemistry
1,93_arm_1,chemistry_standard
1,93_arm_1,inr
1,93_arm_1,hcv_rna_results
1,93_arm_1,hcv_rna_standard
1,93_arm_1,derived_values
1,93_arm_1,cbc_imported
1,93_arm_1,cbc_im_standard
1,93_arm_1,chemistry_imported
1,93_arm_1,chemistry_im_standard
1,93_arm_1,inr_imported
1,93_arm_1,conmeds_imported
1,94_arm_1,cbc
1,94_arm_1,cbc_standard
1,94_arm_1,chemistry
1,94_arm_1,chemistry_standard
1,94_arm_1,inr
1,94_arm_1,hcv_rna_results
1,94_arm_1,hcv_rna_standard
1,94_arm_1,derived_values
1,94_arm_1,cbc_imported
1,94_arm_1,cbc_im_standard
1,94_arm_1,chemistry_imported
1,94_arm_1,chemistry_im_standard
1,94_arm_1,inr_imported
1,94_arm_1,conmeds_imported
1,95_arm_1,cbc
1,95_arm_1,cbc_standard
1,95_arm_1,chemistry
1,95_arm_1,chemistry_standard
1,95_arm_1,inr
1,95_arm_1,hcv_rna_results
1,95_arm_1,hcv_rna_standard
1,95_arm_1,derived_values
1,95_arm_1,cbc_imported
1,95_arm_1,cbc_im_standard
1,95_arm_1,chemistry_imported
1,95_arm_1,chemistry_im_standard
1,95_arm_1,inr_imported
1,95_arm_1,conmeds_imported
1,96_arm_1,cbc
1,96_arm_1,cbc_standard
1,96_arm_1,chemistry
1,96_arm_1,chemistry_standard
1,96_arm_1,inr
1,96_arm_1,hcv_rna_results
1,96_arm_1,hcv_rna_standard
1,96_arm_1,derived_values
1,96_arm_1,cbc_imported
1,96_arm_1,cbc_im_standard
1,96_arm_1,chemistry_imported
1,96_arm_1,chemistry_im_standard
1,96_arm_1,inr_imported
1,96_arm_1,conmeds_imported
1,97_arm_1,cbc
1,97_arm_1,cbc_standard
1,97_arm_1,chemistry
1,97_arm_1,chemistry_standard
1,97_arm_1,inr
1,97_arm_1,hcv_rna_results
1,97_arm_1,hcv_rna_standard
1,97_arm_1,derived_values
1,97_arm_1,cbc_imported
1,97_arm_1,cbc_im_standard
1,97_arm_1,chemistry_imported
1,97_arm_1,chemistry_im_standard
1,97_arm_1,inr_imported
1,97_arm_1,conmeds_imported
1,98_arm_1,cbc
1,98_arm_1,cbc_standard
1,98_arm_1,chemistry
1,98_arm_1,chemistry_standard
1,98_arm_1,inr
1,98_arm_1,hcv_rna_results
1,98_arm_1,hcv_rna_standard
1,98_arm_1,derived_values
1,98_arm_1,cbc_imported
1,98_arm_1,cbc_im_standard
1,98_arm_1,chemistry_imported
1,98_arm_1,chemistry_im_standard
1,98_arm_1,inr_imported
1,98_arm_1,conmeds_imported
1,99_arm_1,cbc
1,99_arm_1,cbc_standard
1,99_arm_1,chemistry
1,99_arm_1,chemistry_standard
1,99_arm_1,inr
1,99_arm_1,hcv_rna_results
1,99_arm_1,hcv_rna_standard
1,99_arm_1,derived_values
1,99_arm_1,cbc_imported
1,99_arm_1,cbc_im_standard
1,99_arm_1,chemistry_imported
1,99_arm_1,chemistry_im_standard
1,99_arm_1,inr_imported
1,99_arm_1,conmeds_imported
1,100_arm_1,cbc
1,100_arm_1,cbc_standard
1,100_arm_1,chemistry
1,100_arm_1,chemistry_standard
1,100_arm_1,inr
1,100_arm_1,hcv_rna_results
1,100_arm_1,hcv_rna_standard
1,100_arm_1,derived_values
1,100_arm_1,cbc_imported
1,100_arm_1,cbc_im_standard
1,100_arm_1,chemistry_imported
1,100_arm_1,chemistry_im_standard
1,100_arm_1,inr_imported
1,100_arm_1,conmeds_imported
1,101_arm_1,cbc
1,101_arm_1,cbc_standard
1,101_arm_1,chemistry
1,101_arm_1,chemistry_standard
1,101_arm_1,inr
1,101_arm_1,hcv_rna_results
1,101_arm_1,hcv_rna_standard
1,101_arm_1,derived_values
1,101_arm_1,cbc_imported
1,101_arm_1,cbc_im_standard
1,101_arm_1,chemistry_imported
1,101_arm_1,chemistry_im_standard
1,101_arm_1,inr_imported
1,101_arm_1,conmeds_imported
1,102_arm_1,cbc
1,102_arm_1,cbc_standard
1,102_arm_1,chemistry
1,102_arm_1,chemistry_standard
1,102_arm_1,inr
1,102_arm_1,hcv_rna_results
1,102_arm_1,hcv_rna_standard
1,102_arm_1,derived_values
1,102_arm_1,cbc_imported
1,102_arm_1,cbc_im_standard
1,102_arm_1,chemistry_imported
1,102_arm_1,chemistry_im_standard
1,102_arm_1,inr_imported
1,102_arm_1,conmeds_imported
1,103_arm_1,cbc
1,103_arm_1,cbc_standard
1,103_arm_1,chemistry
1,103_arm_1,chemistry_standard
1,103_arm_1,inr
1,103_arm_1,hcv_rna_results
1,103_arm_1,hcv_rna_standard
1,103_arm_1,derived_values
1,103_arm_1,cbc_imported
1,103_arm_1,cbc_im_standard
1,103_arm_1,chemistry_imported
1,103_arm_1,chemistry_im_standard
1,103_arm_1,inr_imported
1,103_arm_1,conmeds_imported
1,104_arm_1,cbc
1,104_arm_1,cbc_standard
1,104_arm_1,chemistry
1,104_arm_1,chemistry_standard
1,104_arm_1,inr
1,104_arm_1,hcv_rna_results
1,104_arm_1,hcv_rna_standard
1,104_arm_1,derived_values
1,104_arm_1,cbc_imported
1,104_arm_1,cbc_im_standard
1,104_arm_1,chemistry_imported
1,104_arm_1,chemistry_im_standard
1,104_arm_1,inr_imported
1,104_arm_1,conmeds_imported
1,105_arm_1,cbc
1,105_arm_1,cbc_standard
1,105_arm_1,chemistry
1,105_arm_1,chemistry_standard
1,105_arm_1,inr
1,105_arm_1,hcv_rna_results
1,105_arm_1,hcv_rna_standard
1,105_arm_1,derived_values
1,105_arm_1,cbc_imported
1,105_arm_1,cbc_im_standard
1,105_arm_1,chemistry_imported
1,105_arm_1,chemistry_im_standard
1,105_arm_1,inr_imported
1,105_arm_1,conmeds_imported
1,106_arm_1,cbc
1,106_arm_1,cbc_standard
1,106_arm_1,chemistry
1,106_arm_1,chemistry_standard
1,106_arm_1,inr
1,106_arm_1,hcv_rna_results
1,106_arm_1,hcv_rna_standard
1,106_arm_1,derived_values
1,106_arm_1,cbc_imported
1,106_arm_1,cbc_im_standard
1,106_arm_1,chemistry_imported
1,106_arm_1,chemistry_im_standard
1,106_arm_1,inr_imported
1,106_arm_1,conmeds_imported
1,107_arm_1,cbc
1,107_arm_1,cbc_standard
1,107_arm_1,chemistry
1,107_arm_1,chemistry_standard
1,107_arm_1,inr
1,107_arm_1,hcv_rna_results
1,107_arm_1,hcv_rna_standard
1,107_arm_1,derived_values
1,107_arm_1,cbc_imported
1,107_arm_1,cbc_im_standard
1,107_arm_1,chemistry_imported
1,107_arm_1,chemistry_im_standard
1,107_arm_1,inr_imported
1,107_arm_1,conmeds_imported
1,108_arm_1,cbc
1,108_arm_1,cbc_standard
1,108_arm_1,chemistry
1,108_arm_1,chemistry_standard
1,108_arm_1,inr
1,108_arm_1,hcv_rna_results
1,108_arm_1,hcv_rna_standard
1,108_arm_1,derived_values
1,108_arm_1,cbc_imported
1,108_arm_1,cbc_im_standard
1,108_arm_1,chemistry_imported
1,108_arm_1,chemistry_im_standard
1,108_arm_1,inr_imported
1,108_arm_1,conmeds_imported
1,109_arm_1,cbc
1,109_arm_1,cbc_standard
1,109_arm_1,chemistry
1,109_arm_1,chemistry_standard
1,109_arm_1,inr
1,109_arm_1,hcv_rna_results
1,109_arm_1,hcv_rna_standard
1,109_arm_1,derived_values
1,109_arm_1,cbc_imported
1,109_arm_1,cbc_im_standard
1,109_arm_1,chemistry_imported
1,109_arm_1,chemistry_im_standard
1,109_arm_1,inr_imported
1,109_arm_1,conmeds_imported
1,110_arm_1,cbc
1,110_arm_1,cbc_standard
1,110_arm_1,chemistry
1,110_arm_1,chemistry_standard
1,110_arm_1,inr
1,110_arm_1,hcv_rna_results
1,110_arm_1,hcv_rna_standard
1,110_arm_1,derived_values
1,110_arm_1,cbc_imported
1,110_arm_1,cbc_im_standard
1,110_arm_1,chemistry_imported
1,110_arm_1,chemistry_im_standard
1,110_arm_1,inr_imported
1,110_arm_1,conmeds_imported
1,111_arm_1,cbc
1,111_arm_1,cbc_standard
1,111_arm_1,chemistry
1,111_arm_1,chemistry_standard
1,111_arm_1,inr
1,111_arm_1,hcv_rna_results
1,111_arm_1,hcv_rna_standard
1,111_arm_1,derived_values
1,111_arm_1,cbc_imported
1,111_arm_1,cbc_im_standard
1,111_arm_1,chemistry_imported
1,111_arm_1,chemistry_im_standard
1,111_arm_1,inr_imported
1,111_arm_1,conmeds_imported
1,112_arm_1,cbc
1,112_arm_1,cbc_standard
1,112_arm_1,chemistry
1,112_arm_1,chemistry_standard
1,112_arm_1,inr
1,112_arm_1,hcv_rna_results
1,112_arm_1,hcv_rna_standard
1,112_arm_1,derived_values
1,112_arm_1,cbc_imported
1,112_arm_1,cbc_im_standard
1,112_arm_1,chemistry_imported
1,112_arm_1,chemistry_im_standard
1,112_arm_1,inr_imported
1,112_arm_1,conmeds_imported
1,113_arm_1,cbc
1,113_arm_1,cbc_standard
1,113_arm_1,chemistry
1,113_arm_1,chemistry_standard
1,113_arm_1,inr
1,113_arm_1,hcv_rna_results
1,113_arm_1,hcv_rna_standard
1,113_arm_1,derived_values
1,113_arm_1,cbc_imported
1,113_arm_1,cbc_im_standard
1,113_arm_1,chemistry_imported
1,113_arm_1,chemistry_im_standard
1,113_arm_1,inr_imported
1,113_arm_1,conmeds_imported
1,114_arm_1,cbc
1,114_arm_1,cbc_standard
1,114_arm_1,chemistry
1,114_arm_1,chemistry_standard
1,114_arm_1,inr
1,114_arm_1,hcv_rna_results
1,114_arm_1,hcv_rna_standard
1,114_arm_1,derived_values
1,114_arm_1,cbc_imported
1,114_arm_1,cbc_im_standard
1,114_arm_1,chemistry_imported
1,114_arm_1,chemistry_im_standard
1,114_arm_1,inr_imported
1,114_arm_1,conmeds_imported
1,115_arm_1,cbc
1,115_arm_1,cbc_standard
1,115_arm_1,chemistry
1,115_arm_1,chemistry_standard
1,115_arm_1,inr
1,115_arm_1,hcv_rna_results
1,115_arm_1,hcv_rna_standard
1,115_arm_1,derived_values
1,115_arm_1,cbc_imported
1,115_arm_1,cbc_im_standard
1,115_arm_1,chemistry_imported
1,115_arm_1,chemistry_im_standard
1,115_arm_1,inr_imported
1,115_arm_1,conmeds_imported
1,116_arm_1,cbc
1,116_arm_1,cbc_standard
1,116_arm_1,chemistry
1,116_arm_1,chemistry_standard
1,116_arm_1,inr
1,116_arm_1,hcv_rna_results
1,116_arm_1,hcv_rna_standard
1,116_arm_1,derived_values
1,116_arm_1,cbc_imported
1,116_arm_1,cbc_im_standard
1,116_arm_1,chemistry_imported
1,116_arm_1,chemistry_im_standard
1,116_arm_1,inr_imported
1,116_arm_1,conmeds_imported
1,117_arm_1,cbc
1,117_arm_1,cbc_standard
1,117_arm_1,chemistry
1,117_arm_1,chemistry_standard
1,117_arm_1,inr
1,117_arm_1,hcv_rna_results
1,117_arm_1,hcv_rna_standard
1,117_arm_1,derived_values
1,117_arm_1,cbc_imported
1,117_arm_1,cbc_im_standard
1,117_arm_1,chemistry_imported
1,117_arm_1,chemistry_im_standard
1,117_arm_1,inr_imported
1,117_arm_1,conmeds_imported
1,118_arm_1,cbc
1,118_arm_1,cbc_standard
1,118_arm_1,chemistry
1,118_arm_1,chemistry_standard
1,118_arm_1,inr
1,118_arm_1,hcv_rna_results
1,118_arm_1,hcv_rna_standard
1,118_arm_1,derived_values
1,118_arm_1,cbc_imported
1,118_arm_1,cbc_im_standard
1,118_arm_1,chemistry_imported
1,118_arm_1,chemistry_im_standard
1,118_arm_1,inr_imported
1,118_arm_1,conmeds_imported
1,119_arm_1,cbc
1,119_arm_1,cbc_standard
1,119_arm_1,chemistry
1,119_arm_1,chemistry_standard
1,119_arm_1,inr
1,119_arm_1,hcv_rna_results
1,119_arm_1,hcv_rna_standard
1,119_arm_1,derived_values
1,119_arm_1,cbc_imported
1,119_arm_1,cbc_im_standard
1,119_arm_1,chemistry_imported
1,119_arm_1,chemistry_im_standard
1,119_arm_1,inr_imported
1,119_arm_1,conmeds_imported
1,120_arm_1,cbc
1,120_arm_1,cbc_standard
1,120_arm_1,chemistry
1,120_arm_1,chemistry_standard
1,120_arm_1,inr
1,120_arm_1,hcv_rna_results
1,120_arm_1,hcv_rna_standard
1,120_arm_1,derived_values
1,120_arm_1,cbc_imported
1,120_arm_1,cbc_im_standard
1,120_arm_1,chemistry_imported
1,120_arm_1,chemistry_im_standard
1,120_arm_1,inr_imported
1,120_arm_1,conmeds_imported
1,121_arm_1,derived_values
1,121_arm_1,cbc_imported
1,121_arm_1,cbc_im_standard
1,121_arm_1,chemistry_imported
1,121_arm_1,chemistry_im_standard
1,121_arm_1,conmeds_imported
1,122_arm_1,derived_values
1,122_arm_1,cbc_imported
1,122_arm_1,cbc_im_standard
1,122_arm_1,chemistry_imported
1,122_arm_1,chemistry_im_standard
1,122_arm_1,conmeds_imported
1,123_arm_1,derived_values
1,123_arm_1,cbc_imported
1,123_arm_1,cbc_im_standard
1,123_arm_1,chemistry_imported
1,123_arm_1,chemistry_im_standard
1,123_arm_1,conmeds_imported
1,124_arm_1,derived_values
1,124_arm_1,cbc_imported
1,124_arm_1,cbc_im_standard
1,124_arm_1,chemistry_imported
1,124_arm_1,chemistry_im_standard
1,124_arm_1,conmeds_imported
1,125_arm_1,derived_values
1,125_arm_1,cbc_imported
1,125_arm_1,cbc_im_standard
1,125_arm_1,chemistry_imported
1,125_arm_1,chemistry_im_standard
1,125_arm_1,conmeds_imported
1,126_arm_1,derived_values
1,126_arm_1,cbc_imported
1,126_arm_1,cbc_im_standard
1,126_arm_1,chemistry_imported
1,126_arm_1,chemistry_im_standard
1,126_arm_1,conmeds_imported
1,127_arm_1,derived_values
1,127_arm_1,cbc_imported
1,127_arm_1,cbc_im_standard
1,127_arm_1,chemistry_imported
1,127_arm_1,chemistry_im_standard
1,127_arm_1,conmeds_imported
1,128_arm_1,derived_values
1,128_arm_1,cbc_imported
1,128_arm_1,cbc_im_standard
1,128_arm_1,chemistry_imported
1,128_arm_1,chemistry_im_standard
1,128_arm_1,conmeds_imported
1,129_arm_1,derived_values
1,129_arm_1,cbc_imported
1,129_arm_1,cbc_im_standard
1,129_arm_1,chemistry_imported
1,129_arm_1,chemistry_im_standard
1,129_arm_1,conmeds_imported
1,130_arm_1,derived_values
1,130_arm_1,cbc_imported
1,130_arm_1,cbc_im_standard
1,130_arm_1,chemistry_imported
1,130_arm_1,chemistry_im_standard
1,130_arm_1,conmeds_imported
1,131_arm_1,derived_values
1,131_arm_1,cbc_imported
1,131_arm_1,cbc_im_standard
1,131_arm_1,chemistry_imported
1,131_arm_1,chemistry_im_standard
1,131_arm_1,conmeds_imported
1,132_arm_1,derived_values
1,132_arm_1,cbc_imported
1,132_arm_1,cbc_im_standard
1,132_arm_1,chemistry_imported
1,132_arm_1,chemistry_im_standard
1,132_arm_1,conmeds_imported
1,133_arm_1,derived_values
1,133_arm_1,cbc_imported
1,133_arm_1,cbc_im_standard
1,133_arm_1,chemistry_imported
1,133_arm_1,chemistry_im_standard
1,133_arm_1,conmeds_imported
1,134_arm_1,derived_values
1,134_arm_1,cbc_imported
1,134_arm_1,cbc_im_standard
1,134_arm_1,chemistry_imported
1,134_arm_1,chemistry_im_standard
1,134_arm_1,conmeds_imported
1,135_arm_1,derived_values
1,135_arm_1,cbc_imported
1,135_arm_1,cbc_im_standard
1,135_arm_1,chemistry_imported
1,135_arm_1,chemistry_im_standard
1,135_arm_1,conmeds_imported
1,136_arm_1,derived_values
1,136_arm_1,cbc_imported
1,136_arm_1,cbc_im_standard
1,136_arm_1,chemistry_imported
1,136_arm_1,chemistry_im_standard
1,136_arm_1,conmeds_imported
1,137_arm_1,derived_values
1,137_arm_1,cbc_imported
1,137_arm_1,cbc_im_standard
1,137_arm_1,chemistry_imported
1,137_arm_1,chemistry_im_standard
1,137_arm_1,conmeds_imported
1,138_arm_1,derived_values
1,138_arm_1,cbc_imported
1,138_arm_1,cbc_im_standard
1,138_arm_1,chemistry_imported
1,138_arm_1,chemistry_im_standard
1,138_arm_1,conmeds_imported
1,139_arm_1,derived_values
1,139_arm_1,cbc_imported
1,139_arm_1,cbc_im_standard
1,139_arm_1,chemistry_imported
1,139_arm_1,chemistry_im_standard
1,139_arm_1,conmeds_imported
1,140_arm_1,derived_values
1,140_arm_1,cbc_imported
1,140_arm_1,cbc_im_standard
1,140_arm_1,chemistry_imported
1,140_arm_1,chemistry_im_standard
1,140_arm_1,conmeds_imported
1,141_arm_1,derived_values
1,141_arm_1,cbc_imported
1,141_arm_1,cbc_im_standard
1,141_arm_1,chemistry_imported
1,141_arm_1,chemistry_im_standard
1,141_arm_1,conmeds_imported
1,142_arm_1,derived_values
1,142_arm_1,cbc_imported
1,142_arm_1,cbc_im_standard
1,142_arm_1,chemistry_imported
1,142_arm_1,chemistry_im_standard
1,142_arm_1,conmeds_imported
1,143_arm_1,derived_values
1,143_arm_1,cbc_imported
1,143_arm_1,cbc_im_standard
1,143_arm_1,chemistry_imported
1,143_arm_1,chemistry_im_standard
1,143_arm_1,conmeds_imported
1,144_arm_1,derived_values
1,144_arm_1,cbc_imported
1,144_arm_1,cbc_im_standard
1,144_arm_1,chemistry_imported
1,144_arm_1,chemistry_im_standard
1,144_arm_1,conmeds_imported
1,145_arm_1,derived_values
1,145_arm_1,cbc_imported
1,145_arm_1,cbc_im_standard
1,145_arm_1,chemistry_imported
1,145_arm_1,chemistry_im_standard
1,145_arm_1,conmeds_imported
1,146_arm_1,derived_values
1,146_arm_1,cbc_imported
1,146_arm_1,cbc_im_standard
1,146_arm_1,chemistry_imported
1,146_arm_1,chemistry_im_standard
1,146_arm_1,conmeds_imported
1,147_arm_1,derived_values
1,147_arm_1,cbc_imported
1,147_arm_1,cbc_im_standard
1,147_arm_1,chemistry_imported
1,147_arm_1,chemistry_im_standard
1,147_arm_1,conmeds_imported
1,148_arm_1,derived_values
1,148_arm_1,cbc_imported
1,148_arm_1,cbc_im_standard
1,148_arm_1,chemistry_imported
1,148_arm_1,chemistry_im_standard
1,148_arm_1,conmeds_imported
1,149_arm_1,derived_values
1,149_arm_1,cbc_imported
1,149_arm_1,cbc_im_standard
1,149_arm_1,chemistry_imported
1,149_arm_1,chemistry_im_standard
1,149_arm_1,conmeds_imported
1,150_arm_1,derived_values
1,150_arm_1,cbc_imported
1,150_arm_1,cbc_im_standard
1,150_arm_1,chemistry_imported
1,150_arm_1,chemistry_im_standard
1,150_arm_1,conmeds_imported
1,151_arm_1,derived_values
1,151_arm_1,cbc_imported
1,151_arm_1,cbc_im_standard
1,151_arm_1,chemistry_imported
1,151_arm_1,chemistry_im_standard
1,151_arm_1,conmeds_imported
1,152_arm_1,derived_values
1,152_arm_1,cbc_imported
1,152_arm_1,cbc_im_standard
1,152_arm_1,chemistry_imported
1,152_arm_1,chemistry_im_standard
1,152_arm_1,conmeds_imported
1,153_arm_1,derived_values
1,153_arm_1,cbc_imported
1,153_arm_1,cbc_im_standard
1,153_arm_1,chemistry_imported
1,153_arm_1,chemistry_im_standard
1,153_arm_1,conmeds_imported
1,154_arm_1,derived_values
1,154_arm_1,cbc_imported
1,154_arm_1,cbc_im_standard
1,154_arm_1,chemistry_imported
1,154_arm_1,chemistry_im_standard
1,154_arm_1,conmeds_imported
1,155_arm_1,derived_values
1,155_arm_1,cbc_imported
1,155_arm_1,cbc_im_standard
1,155_arm_1,chemistry_imported
1,155_arm_1,chemistry_im_standard
1,155_arm_1,conmeds_imported
1,156_arm_1,derived_values
1,156_arm_1,cbc_imported
1,156_arm_1,cbc_im_standard
1,156_arm_1,chemistry_imported
1,156_arm_1,chemistry_im_standard
1,156_arm_1,conmeds_imported
1,157_arm_1,derived_values
1,157_arm_1,cbc_imported
1,157_arm_1,cbc_im_standard
1,157_arm_1,chemistry_imported
1,157_arm_1,chemistry_im_standard
1,157_arm_1,conmeds_imported
1,158_arm_1,derived_values
1,158_arm_1,cbc_imported
1,158_arm_1,cbc_im_standard
1,158_arm_1,chemistry_imported
1,158_arm_1,chemistry_im_standard
1,158_arm_1,conmeds_imported
1,159_arm_1,derived_values
1,159_arm_1,cbc_imported
1,159_arm_1,cbc_im_standard
1,159_arm_1,chemistry_imported
1,159_arm_1,chemistry_im_standard
1,159_arm_1,conmeds_imported
1,160_arm_1,derived_values
1,160_arm_1,cbc_imported
1,160_arm_1,cbc_im_standard
1,160_arm_1,chemistry_imported
1,160_arm_1,chemistry_im_standard
1,160_arm_1,conmeds_imported
1,161_arm_1,derived_values
1,161_arm_1,cbc_imported
1,161_arm_1,cbc_im_standard
1,161_arm_1,chemistry_imported
1,161_arm_1,chemistry_im_standard
1,161_arm_1,conmeds_imported
1,162_arm_1,derived_values
1,162_arm_1,cbc_imported
1,162_arm_1,cbc_im_standard
1,162_arm_1,chemistry_imported
1,162_arm_1,chemistry_im_standard
1,162_arm_1,conmeds_imported
1,163_arm_1,derived_values
1,163_arm_1,cbc_imported
1,163_arm_1,cbc_im_standard
1,163_arm_1,chemistry_imported
1,163_arm_1,chemistry_im_standard
1,163_arm_1,conmeds_imported
1,164_arm_1,derived_values
1,164_arm_1,cbc_imported
1,164_arm_1,cbc_im_standard
1,164_arm_1,chemistry_imported
1,164_arm_1,chemistry_im_standard
1,164_arm_1,conmeds_imported
1,165_arm_1,derived_values
1,165_arm_1,cbc_imported
1,165_arm_1,cbc_im_standard
1,165_arm_1,chemistry_imported
1,165_arm_1,chemistry_im_standard
1,165_arm_1,conmeds_imported
1,166_arm_1,derived_values
1,166_arm_1,cbc_imported
1,166_arm_1,cbc_im_standard
1,166_arm_1,chemistry_imported
1,166_arm_1,chemistry_im_standard
1,166_arm_1,conmeds_imported
1,167_arm_1,derived_values
1,167_arm_1,cbc_imported
1,167_arm_1,cbc_im_standard
1,167_arm_1,chemistry_imported
1,167_arm_1,chemistry_im_standard
1,167_arm_1,conmeds_imported
1,168_arm_1,derived_values
1,168_arm_1,cbc_imported
1,168_arm_1,cbc_im_standard
1,168_arm_1,chemistry_imported
1,168_arm_1,chemistry_im_standard
1,168_arm_1,conmeds_imported
1,169_arm_1,derived_values
1,169_arm_1,cbc_imported
1,169_arm_1,cbc_im_standard
1,169_arm_1,chemistry_imported
1,169_arm_1,chemistry_im_standard
1,169_arm_1,conmeds_imported
1,170_arm_1,derived_values
1,170_arm_1,cbc_imported
1,170_arm_1,cbc_im_standard
1,170_arm_1,chemistry_imported
1,170_arm_1,chemistry_im_standard
1,170_arm_1,conmeds_imported
1,171_arm_1,derived_values
1,171_arm_1,cbc_imported
1,171_arm_1,cbc_im_standard
1,171_arm_1,chemistry_imported
1,171_arm_1,chemistry_im_standard
1,171_arm_1,conmeds_imported
1,172_arm_1,derived_values
1,172_arm_1,cbc_imported
1,172_arm_1,cbc_im_standard
1,172_arm_1,chemistry_imported
1,172_arm_1,chemistry_im_standard
1,172_arm_1,conmeds_imported
1,173_arm_1,derived_values
1,173_arm_1,cbc_imported
1,173_arm_1,cbc_im_standard
1,173_arm_1,chemistry_imported
1,173_arm_1,chemistry_im_standard
1,173_arm_1,conmeds_imported
1,174_arm_1,derived_values
1,174_arm_1,cbc_imported
1,174_arm_1,cbc_im_standard
1,174_arm_1,chemistry_imported
1,174_arm_1,chemistry_im_standard
1,174_arm_1,conmeds_imported
1,175_arm_1,derived_values
1,175_arm_1,cbc_imported
1,175_arm_1,cbc_im_standard
1,175_arm_1,chemistry_imported
1,175_arm_1,chemistry_im_standard
1,175_arm_1,conmeds_imported
1,176_arm_1,derived_values
1,176_arm_1,cbc_imported
1,176_arm_1,cbc_im_standard
1,176_arm_1,chemistry_imported
1,176_arm_1,chemistry_im_standard
1,176_arm_1,conmeds_imported
1,177_arm_1,derived_values
1,177_arm_1,cbc_imported
1,177_arm_1,cbc_im_standard
1,177_arm_1,chemistry_imported
1,177_arm_1,chemistry_im_standard
1,177_arm_1,conmeds_imported
1,178_arm_1,derived_values
1,178_arm_1,cbc_imported
1,178_arm_1,cbc_im_standard
1,178_arm_1,chemistry_imported
1,178_arm_1,chemistry_im_standard
1,178_arm_1,conmeds_imported
1,179_arm_1,derived_values
1,179_arm_1,cbc_imported
1,179_arm_1,cbc_im_standard
1,179_arm_1,chemistry_imported
1,179_arm_1,chemistry_im_standard
1,179_arm_1,conmeds_imported
1,180_arm_1,derived_values
1,180_arm_1,cbc_imported
1,180_arm_1,cbc_im_standard
1,180_arm_1,chemistry_imported
1,180_arm_1,chemistry_im_standard
1,180_arm_1,conmeds_imported
1,181_arm_1,derived_values
1,181_arm_1,cbc_imported
1,181_arm_1,cbc_im_standard
1,181_arm_1,chemistry_imported
1,181_arm_1,chemistry_im_standard
1,181_arm_1,conmeds_imported
1,182_arm_1,derived_values
1,182_arm_1,cbc_imported
1,182_arm_1,cbc_im_standard
1,182_arm_1,chemistry_imported
1,182_arm_1,chemistry_im_standard
1,182_arm_1,conmeds_imported
1,183_arm_1,derived_values
1,183_arm_1,cbc_imported
1,183_arm_1,cbc_im_standard
1,183_arm_1,chemistry_imported
1,183_arm_1,chemistry_im_standard
1,183_arm_1,conmeds_imported
1,184_arm_1,derived_values
1,184_arm_1,cbc_imported
1,184_arm_1,cbc_im_standard
1,184_arm_1,chemistry_imported
1,184_arm_1,chemistry_im_standard
1,184_arm_1,conmeds_imported
1,185_arm_1,derived_values
1,185_arm_1,cbc_imported
1,185_arm_1,cbc_im_standard
1,185_arm_1,chemistry_imported
1,185_arm_1,chemistry_im_standard
1,185_arm_1,conmeds_imported
1,186_arm_1,derived_values
1,186_arm_1,cbc_imported
1,186_arm_1,cbc_im_standard
1,186_arm_1,chemistry_imported
1,186_arm_1,chemistry_im_standard
1,186_arm_1,conmeds_imported
1,187_arm_1,derived_values
1,187_arm_1,cbc_imported
1,187_arm_1,cbc_im_standard
1,187_arm_1,chemistry_imported
1,187_arm_1,chemistry_im_standard
1,187_arm_1,conmeds_imported
1,188_arm_1,derived_values
1,188_arm_1,cbc_imported
1,188_arm_1,cbc_im_standard
1,188_arm_1,chemistry_imported
1,188_arm_1,chemistry_im_standard
1,188_arm_1,conmeds_imported
1,189_arm_1,derived_values
1,189_arm_1,cbc_imported
1,189_arm_1,cbc_im_standard
1,189_arm_1,chemistry_imported
1,189_arm_1,chemistry_im_standard
1,189_arm_1,conmeds_imported
1,190_arm_1,derived_values
1,190_arm_1,cbc_imported
1,190_arm_1,cbc_im_standard
1,190_arm_1,chemistry_imported
1,190_arm_1,chemistry_im_standard
1,190_arm_1,conmeds_imported
1,191_arm_1,derived_values
1,191_arm_1,cbc_imported
1,191_arm_1,cbc_im_standard
1,191_arm_1,chemistry_imported
1,191_arm_1,chemistry_im_standard
1,191_arm_1,conmeds_imported
1,192_arm_1,derived_values
1,192_arm_1,cbc_imported
1,192_arm_1,cbc_im_standard
1,192_arm_1,chemistry_imported
1,192_arm_1,chemistry_im_standard
1,192_arm_1,conmeds_imported
1,193_arm_1,derived_values
1,193_arm_1,cbc_imported
1,193_arm_1,cbc_im_standard
1,193_arm_1,chemistry_imported
1,193_arm_1,chemistry_im_standard
1,193_arm_1,conmeds_imported
1,194_arm_1,derived_values
1,194_arm_1,cbc_imported
1,194_arm_1,cbc_im_standard
1,194_arm_1,chemistry_imported
1,194_arm_1,chemistry_im_standard
1,194_arm_1,conmeds_imported
1,195_arm_1,derived_values
1,195_arm_1,cbc_imported
1,195_arm_1,cbc_im_standard
1,195_arm_1,chemistry_imported
1,195_arm_1,chemistry_im_standard
1,195_arm_1,conmeds_imported
1,196_arm_1,derived_values
1,196_arm_1,cbc_imported
1,196_arm_1,cbc_im_standard
1,196_arm_1,chemistry_imported
1,196_arm_1,chemistry_im_standard
1,197_arm_1,derived_values
1,197_arm_1,cbc_imported
1,197_arm_1,cbc_im_standard
1,197_arm_1,chemistry_imported
1,197_arm_1,chemistry_im_standard
1,197_arm_1,conmeds_imported
1,198_arm_1,derived_values
1,198_arm_1,cbc_imported
1,198_arm_1,cbc_im_standard
1,198_arm_1,chemistry_imported
1,198_arm_1,chemistry_im_standard
1,198_arm_1,conmeds_imported
1,199_arm_1,derived_values
1,199_arm_1,cbc_imported
1,199_arm_1,cbc_im_standard
1,199_arm_1,chemistry_imported
1,199_arm_1,chemistry_im_standard
1,199_arm_1,conmeds_imported
1,200_arm_1,derived_values
1,200_arm_1,cbc_imported
1,200_arm_1,cbc_im_standard
1,200_arm_1,chemistry_imported
1,200_arm_1,chemistry_im_standard
1,200_arm_1,conmeds_imported